EmployeeID,Age,Gender,Education,Role,Department,YearsAtCompany,YearsInRole,MonthlyIncome,PercentSalaryHike,WorkLifeBalance,JobSatisfaction,EnvironmentSatisfaction,RelationshipSatisfaction,PerformanceRating,TrainingTimesLastYear,NumCompaniesWorked,OverTime,DistanceFromHome,ManagerStyle,RemoteWorkOption,StockOptions,TotalWorkingYears,BusinessTravel,Attrition
1001,50,Non-binary,Bachelor's,Mid SE,ML/AI,8,5,194776,26,3,1,3,4,3,2,6,No,15,Supportive,On-site,2,5,Non-Travel,No
1002,36,Male,Bachelor's,Junior SE,QA,13,8,194102,25,1,1,4,1,4,2,6,No,46,Supportive,On-site,1,5,Travel_Frequently,No
1003,29,Female,Bachelor's,Mid SE,ML/AI,18,2,171883,6,4,4,3,3,3,6,1,Yes,4,Supportive,Hybrid,3,8,Travel_Rarely,No
1004,42,Female,Master's,Mid SE,QA,9,8,114445,13,1,4,3,1,3,2,2,Yes,18,Neutral,On-site,3,27,Non-Travel,No
1005,40,Female,Bootcamp,Junior SE,Mobile,3,8,118551,21,3,4,3,4,4,5,6,No,1,Neutral,Hybrid,2,18,Non-Travel,No
1006,44,Female,Bachelor's,Junior SE,DevOps,5,0,48420,22,2,3,1,1,4,5,5,No,12,Demanding,On-site,0,26,Non-Travel,Yes
1007,32,Male,Master's,Principal SE,QA,13,2,104875,17,2,1,2,1,3,6,6,No,41,Supportive,Hybrid,1,16,Travel_Rarely,Yes
1008,32,Male,Bachelor's,Mid SE,Frontend,3,5,223725,5,4,2,3,2,4,4,8,No,42,Neutral,On-site,0,22,Non-Travel,No
1009,45,Male,PhD,Mid SE,DevOps,14,7,61740,16,4,3,1,2,4,2,7,Yes,17,Supportive,On-site,0,23,Travel_Rarely,Yes
1010,57,Female,PhD,Junior SE,Mobile,15,3,110263,24,4,4,4,1,3,2,5,No,19,Toxic,On-site,0,3,Travel_Rarely,Yes
1011,45,Male,PhD,Junior SE,ML/AI,6,4,150789,24,3,1,2,1,3,0,3,Yes,36,Neutral,Full Remote,1,3,Travel_Rarely,No
1012,24,Male,Bootcamp,Tech Lead,QA,16,8,240631,25,3,4,4,3,3,2,8,No,48,Supportive,Hybrid,2,12,Travel_Rarely,No
1013,43,Female,Bachelor's,Junior SE,Frontend,18,5,64465,9,4,2,3,4,3,5,6,No,7,Supportive,Hybrid,1,23,Non-Travel,No
1014,23,Female,PhD,Mid SE,Backend,18,6,227504,12,2,2,2,2,4,0,4,No,9,Supportive,Full Remote,1,11,Travel_Frequently,No
1015,45,Female,Master's,Junior SE,Backend,16,6,49131,19,2,1,3,2,3,0,1,No,8,Supportive,Hybrid,2,29,Travel_Rarely,No
1016,51,Female,Bachelor's,Mid SE,DevOps,5,3,55652,7,2,3,2,2,3,2,8,No,25,Neutral,On-site,2,6,Travel_Frequently,No
1017,23,Non-binary,Bootcamp,Junior SE,ML/AI,10,3,241045,10,3,2,3,2,3,1,6,No,7,Demanding,Hybrid,2,16,Non-Travel,No
1018,42,Male,Bachelor's,Tech Lead,Backend,15,3,223219,17,1,2,4,1,3,3,8,No,42,Supportive,Full Remote,3,34,Travel_Frequently,No
1019,54,Male,Master's,Tech Lead,DevOps,7,4,92671,16,2,2,4,1,3,5,8,No,8,Neutral,Hybrid,3,11,Travel_Frequently,Yes
1020,33,Male,Bachelor's,Tech Lead,Mobile,10,4,134342,23,2,2,3,3,3,1,4,No,24,Demanding,Full Remote,2,11,Travel_Rarely,No
1021,43,Male,Bachelor's,Mid SE,DevOps,6,7,64171,22,2,4,2,2,3,2,6,No,17,Neutral,Hybrid,0,25,Travel_Rarely,No
1022,46,Female,Master's,Tech Lead,DevOps,18,8,231764,28,4,4,4,2,3,2,4,No,12,Supportive,Hybrid,3,19,Travel_Frequently,No
1023,48,Male,Master's,Senior SE,DevOps,9,1,103541,5,3,3,2,1,4,1,2,Yes,46,Supportive,Hybrid,1,32,Travel_Frequently,No
1024,49,Female,Bachelor's,Mid SE,Frontend,8,6,54470,29,4,1,2,3,3,2,7,No,31,Demanding,On-site,1,8,Travel_Rarely,No
1025,37,Male,Bachelor's,Senior SE,DevOps,3,0,237416,11,4,1,4,1,3,5,7,No,12,Demanding,Full Remote,3,12,Non-Travel,Yes
1026,36,Female,PhD,Junior SE,QA,14,0,89308,16,1,1,1,2,3,6,8,No,2,Supportive,On-site,1,6,Travel_Frequently,Yes
1027,24,Female,Bachelor's,Junior SE,DevOps,12,3,226711,14,4,2,1,2,3,0,5,No,12,Supportive,On-site,2,21,Non-Travel,No
1028,28,Male,Bachelor's,Senior SE,Frontend,1,9,197398,16,1,4,2,4,3,4,1,Yes,27,Demanding,Full Remote,1,26,Non-Travel,No
1029,42,Male,PhD,Junior SE,Frontend,1,6,180669,15,4,4,4,4,4,2,2,Yes,46,Neutral,On-site,3,1,Travel_Frequently,No
1030,30,Male,PhD,Senior SE,Mobile,15,1,147840,8,2,3,1,4,3,2,5,No,7,Demanding,Hybrid,0,17,Travel_Frequently,No
1031,39,Male,Bachelor's,Mid SE,ML/AI,8,1,206860,23,3,1,3,3,4,1,0,Yes,13,Supportive,Hybrid,1,27,Travel_Frequently,No
1032,25,Male,Master's,Tech Lead,Backend,12,0,241092,10,4,4,2,1,3,0,1,Yes,36,Toxic,Full Remote,1,2,Travel_Rarely,No
1033,46,Male,Master's,Staff SE,Backend,2,9,94477,29,1,3,1,2,4,1,7,Yes,1,Demanding,Hybrid,0,1,Travel_Rarely,Yes
1034,35,Male,PhD,Principal SE,DevOps,8,1,153261,13,3,1,4,2,4,6,7,Yes,49,Supportive,On-site,3,10,Travel_Frequently,No
1035,30,Female,Master's,Mid SE,Mobile,12,6,147466,24,1,2,4,3,3,5,5,No,35,Neutral,Full Remote,0,31,Non-Travel,No
1036,47,Male,Bachelor's,Junior SE,DevOps,1,8,78071,14,2,4,2,2,3,1,2,No,30,Supportive,Full Remote,1,5,Travel_Rarely,No
1037,23,Female,Bachelor's,Mid SE,Backend,7,5,246675,9,4,4,4,2,3,2,1,No,31,Neutral,Full Remote,3,13,Travel_Rarely,No
1038,41,Male,Bachelor's,Junior SE,Frontend,8,9,237995,17,3,1,3,1,3,0,5,No,17,Demanding,Hybrid,2,24,Non-Travel,No
1039,49,Female,Master's,Junior SE,ML/AI,15,1,115560,13,2,2,3,4,4,5,0,Yes,8,Supportive,On-site,3,27,Non-Travel,No
1040,28,Male,Bachelor's,Senior SE,Mobile,1,9,249323,6,4,2,1,4,3,2,5,Yes,3,Demanding,Hybrid,3,1,Non-Travel,No
1041,29,Male,Master's,Mid SE,Frontend,5,9,233564,22,4,4,4,3,3,5,8,No,10,Supportive,Full Remote,2,20,Travel_Rarely,No
1042,56,Female,Bachelor's,Staff SE,ML/AI,7,8,207842,25,1,1,3,4,4,2,6,No,34,Demanding,Hybrid,3,8,Non-Travel,No
1043,35,Male,Bachelor's,Junior SE,Mobile,4,6,121762,5,1,3,2,4,4,2,8,Yes,22,Neutral,Hybrid,1,3,Travel_Rarely,Yes
1044,38,Female,PhD,Mid SE,Mobile,8,0,211471,28,2,4,4,3,3,2,1,No,4,Demanding,Full Remote,1,32,Travel_Rarely,No
1045,57,Female,Master's,Junior SE,Backend,0,8,233511,25,1,2,1,3,4,4,4,No,32,Supportive,Hybrid,1,25,Travel_Rarely,No
1046,25,Male,Bachelor's,Principal SE,Frontend,8,1,220487,16,2,3,2,4,3,3,8,No,29,Neutral,Full Remote,1,25,Non-Travel,No
1047,23,Male,Master's,Tech Lead,Mobile,9,3,188641,14,2,1,2,1,3,0,6,Yes,46,Neutral,On-site,2,14,Travel_Rarely,No
1048,27,Male,Bachelor's,Tech Lead,QA,3,8,47369,6,2,2,2,3,3,6,8,No,11,Neutral,Hybrid,1,27,Non-Travel,Yes
1049,25,Female,Master's,Principal SE,Mobile,2,3,154963,13,1,3,3,2,4,4,5,Yes,46,Neutral,On-site,3,32,Non-Travel,No
1050,50,Male,Master's,Mid SE,ML/AI,9,2,45528,6,3,4,2,3,3,3,6,No,13,Neutral,On-site,0,27,Non-Travel,No
1051,39,Male,Bachelor's,Mid SE,Backend,14,0,153806,27,2,2,3,2,3,5,4,No,4,Toxic,On-site,2,4,Travel_Rarely,Yes
1052,47,Male,Master's,Mid SE,DevOps,10,6,206386,28,3,1,2,3,3,3,5,No,2,Supportive,Full Remote,2,11,Non-Travel,No
1053,55,Female,Master's,Senior SE,Backend,13,5,147979,26,4,2,3,3,3,3,0,Yes,34,Demanding,On-site,0,3,Non-Travel,No
1054,31,Male,Master's,Mid SE,DevOps,5,9,194119,18,1,4,4,4,3,4,0,Yes,43,Neutral,On-site,1,25,Non-Travel,No
1055,57,Male,Bachelor's,Mid SE,Frontend,11,3,64748,15,1,1,3,4,4,0,1,No,22,Neutral,On-site,1,24,Travel_Frequently,Yes
1056,35,Female,Bachelor's,Principal SE,Frontend,12,5,80109,27,3,4,3,4,3,1,3,No,5,Neutral,Full Remote,3,9,Travel_Frequently,Yes
1057,52,Non-binary,Bootcamp,Staff SE,Mobile,16,5,58919,15,4,3,4,1,3,3,8,No,9,Demanding,Full Remote,1,8,Non-Travel,No
1058,36,Male,Bachelor's,Tech Lead,QA,15,3,92498,21,4,2,2,4,4,1,6,No,20,Neutral,On-site,1,31,Non-Travel,Yes
1059,29,Male,Master's,Tech Lead,Frontend,2,5,100808,8,2,4,4,4,4,1,5,Yes,21,Demanding,Full Remote,3,17,Travel_Frequently,No
1060,35,Male,Master's,Senior SE,Mobile,1,9,115441,17,1,3,2,3,3,2,0,No,17,Supportive,Full Remote,1,31,Non-Travel,No
1061,44,Female,Master's,Junior SE,Backend,10,7,158843,11,4,1,3,3,3,1,4,Yes,12,Demanding,Hybrid,0,4,Non-Travel,No
1062,42,Male,Bachelor's,Junior SE,Frontend,8,2,119420,20,4,1,2,1,4,5,3,Yes,28,Supportive,On-site,1,4,Non-Travel,Yes
1063,37,Male,Bachelor's,Senior SE,Backend,2,3,204978,5,2,3,3,2,4,5,4,No,18,Neutral,Hybrid,0,8,Travel_Frequently,No
1064,39,Female,Master's,Senior SE,Backend,17,9,152447,17,2,3,2,3,3,2,8,No,3,Neutral,On-site,0,6,Travel_Rarely,No
1065,45,Female,Bachelor's,Junior SE,QA,19,0,247558,5,3,1,3,3,3,0,2,No,5,Neutral,Hybrid,0,9,Non-Travel,No
1066,47,Male,Bachelor's,Principal SE,Frontend,14,3,111896,15,1,4,3,2,3,6,3,No,14,Neutral,Full Remote,1,8,Non-Travel,No
1067,46,Female,Bachelor's,Junior SE,Backend,13,9,148431,10,4,3,1,1,3,0,7,No,48,Supportive,Hybrid,1,32,Travel_Frequently,No
1068,50,Male,Bachelor's,Mid SE,QA,1,9,198018,24,3,4,2,3,3,5,2,Yes,26,Neutral,Hybrid,2,15,Travel_Rarely,No
1069,36,Male,PhD,Senior SE,QA,16,8,92020,7,1,1,2,4,3,6,2,No,19,Neutral,Hybrid,3,18,Travel_Rarely,No
1070,22,Male,Bachelor's,Junior SE,Frontend,7,7,67161,16,3,4,1,1,3,2,8,No,41,Supportive,Hybrid,3,23,Non-Travel,No
1071,46,Non-binary,Bachelor's,Junior SE,QA,9,3,72738,9,1,4,3,2,4,0,4,No,17,Supportive,Full Remote,2,5,Travel_Rarely,No
1072,28,Male,Bachelor's,Mid SE,Frontend,17,6,179997,13,1,3,3,2,3,6,0,No,39,Demanding,Hybrid,0,27,Non-Travel,Yes
1073,30,Male,Master's,Tech Lead,Frontend,18,9,184535,16,4,4,1,4,3,6,6,No,42,Demanding,Hybrid,3,33,Travel_Rarely,No
1074,45,Male,Master's,Mid SE,DevOps,7,2,102153,14,1,4,1,4,4,3,6,No,4,Supportive,Hybrid,2,2,Non-Travel,No
1075,22,Female,Bachelor's,Senior SE,Backend,7,8,106009,23,2,4,4,4,3,0,5,No,42,Supportive,Full Remote,0,28,Non-Travel,No
1076,29,Male,Master's,Senior SE,ML/AI,2,9,132938,9,4,1,3,1,3,2,5,No,35,Supportive,Full Remote,2,24,Travel_Rarely,No
1077,45,Male,Master's,Junior SE,Frontend,2,3,144546,9,2,1,4,2,4,6,2,Yes,24,Demanding,Hybrid,1,21,Travel_Frequently,No
1078,32,Male,PhD,Staff SE,Backend,11,1,217624,13,3,2,2,4,3,5,2,No,41,Demanding,On-site,1,31,Non-Travel,No
1079,38,Male,Master's,Junior SE,QA,16,9,101271,24,3,1,4,4,4,3,8,Yes,13,Supportive,Hybrid,0,11,Non-Travel,Yes
1080,29,Female,Bachelor's,Staff SE,Mobile,3,4,54797,21,1,1,1,2,3,1,0,Yes,33,Demanding,Full Remote,0,28,Travel_Rarely,Yes
1081,56,Female,Bachelor's,Senior SE,Frontend,16,1,131130,14,1,2,1,3,3,1,6,Yes,15,Supportive,Hybrid,1,4,Travel_Rarely,No
1082,56,Male,Bachelor's,Staff SE,QA,13,9,116942,25,2,2,1,1,4,1,6,Yes,15,Supportive,Hybrid,3,16,Travel_Rarely,No
1083,54,Male,Bachelor's,Junior SE,QA,18,5,163065,5,2,3,1,3,3,5,7,No,31,Toxic,Hybrid,3,12,Travel_Rarely,No
1084,26,Female,Bootcamp,Mid SE,QA,8,9,58965,26,2,3,4,4,4,6,5,No,43,Demanding,Hybrid,1,22,Non-Travel,No
1085,49,Male,Bachelor's,Junior SE,QA,11,0,58733,20,3,1,4,1,3,2,7,Yes,28,Demanding,Hybrid,3,16,Travel_Rarely,Yes
1086,28,Male,Bachelor's,Junior SE,QA,4,5,229295,19,2,4,4,3,3,1,0,Yes,10,Neutral,Hybrid,1,24,Non-Travel,No
1087,30,Non-binary,Master's,Senior SE,Frontend,10,3,172182,27,4,3,1,2,4,0,0,No,7,Supportive,Full Remote,2,28,Travel_Frequently,No
1088,29,Female,Master's,Junior SE,ML/AI,19,2,202998,21,4,3,1,4,3,1,8,Yes,33,Demanding,Full Remote,2,29,Travel_Rarely,No
1089,33,Male,Bachelor's,Senior SE,DevOps,2,1,204855,24,3,1,3,1,3,6,3,No,7,Demanding,Hybrid,2,21,Travel_Rarely,No
1090,55,Male,Bachelor's,Junior SE,QA,14,6,128360,29,2,4,3,1,3,4,2,Yes,5,Supportive,Hybrid,3,25,Non-Travel,No
1091,54,Male,Bachelor's,Mid SE,QA,13,8,212466,17,2,2,1,1,3,5,5,Yes,26,Neutral,On-site,2,31,Non-Travel,No
1092,44,Male,Master's,Tech Lead,DevOps,10,2,153378,5,1,2,3,1,4,4,8,No,16,Demanding,Hybrid,0,15,Travel_Rarely,No
1093,45,Male,Bachelor's,Mid SE,Frontend,19,5,240868,29,4,1,2,4,4,1,3,No,8,Toxic,On-site,0,22,Non-Travel,No
1094,56,Male,Bachelor's,Senior SE,Backend,7,8,73287,12,3,1,2,4,3,6,8,No,22,Demanding,Full Remote,2,5,Travel_Frequently,No
1095,43,Male,Master's,Senior SE,Mobile,3,1,127104,9,2,4,1,2,3,1,4,Yes,34,Demanding,On-site,0,13,Travel_Rarely,No
1096,48,Female,Bachelor's,Tech Lead,Mobile,11,6,206508,10,1,1,4,2,3,4,6,No,40,Supportive,Hybrid,2,32,Non-Travel,No
1097,56,Female,Master's,Mid SE,Backend,7,4,131916,27,3,1,2,2,3,6,2,No,28,Neutral,Hybrid,2,3,Non-Travel,No
1098,22,Male,Master's,Senior SE,Frontend,5,4,249639,24,3,1,2,3,4,5,2,Yes,46,Demanding,Full Remote,1,15,Travel_Rarely,No
1099,56,Male,Bachelor's,Staff SE,Mobile,14,6,48188,18,4,4,4,2,3,5,2,Yes,36,Supportive,Full Remote,2,27,Non-Travel,No
1100,35,Female,Bootcamp,Senior SE,DevOps,11,8,136205,26,2,1,3,4,3,1,7,Yes,47,Demanding,On-site,0,27,Travel_Rarely,No
1101,24,Male,Master's,Mid SE,Backend,15,3,142349,27,3,3,4,3,4,5,5,No,7,Toxic,Full Remote,3,30,Travel_Rarely,No
1102,22,Male,Bachelor's,Senior SE,ML/AI,15,8,182837,15,1,4,3,4,3,3,8,Yes,40,Supportive,Full Remote,2,6,Non-Travel,No
1103,26,Non-binary,Master's,Senior SE,Frontend,19,9,227698,10,1,3,3,3,3,6,8,No,43,Demanding,Full Remote,1,25,Travel_Rarely,No
1104,47,Male,Master's,Senior SE,Backend,19,8,186879,15,3,4,4,2,3,6,7,Yes,28,Demanding,Full Remote,0,28,Travel_Rarely,No
1105,35,Female,Master's,Junior SE,Mobile,3,3,55204,17,1,3,3,2,4,5,0,Yes,2,Neutral,Hybrid,1,22,Travel_Frequently,No
1106,48,Non-binary,Bachelor's,Junior SE,Frontend,10,2,234016,16,3,4,2,2,3,6,5,Yes,9,Demanding,Hybrid,2,4,Travel_Rarely,No
1107,30,Male,Bootcamp,Tech Lead,DevOps,12,1,87120,26,1,2,1,3,3,4,3,No,6,Supportive,Hybrid,2,15,Travel_Rarely,No
1108,36,Male,Bachelor's,Mid SE,Frontend,8,8,147903,6,3,1,3,4,4,2,3,Yes,1,Demanding,Hybrid,2,26,Non-Travel,No
1109,36,Male,Bachelor's,Senior SE,Frontend,3,1,198730,25,3,1,2,1,4,4,2,No,3,Supportive,On-site,2,18,Non-Travel,No
1110,47,Female,Bachelor's,Mid SE,DevOps,11,5,82081,7,3,4,4,4,4,0,8,No,10,Demanding,On-site,0,9,Non-Travel,No
1111,34,Female,Bachelor's,Mid SE,QA,8,4,79986,27,1,3,3,2,3,3,1,No,37,Neutral,Hybrid,3,4,Travel_Rarely,No
1112,53,Female,Master's,Junior SE,DevOps,12,4,124322,8,3,2,2,3,3,2,0,No,44,Supportive,Hybrid,2,5,Non-Travel,No
1113,53,Male,Bachelor's,Junior SE,Frontend,15,3,139819,21,4,3,3,3,3,1,2,No,23,Neutral,Hybrid,1,6,Travel_Rarely,No
1114,25,Female,Bachelor's,Staff SE,DevOps,5,5,175015,26,3,1,4,2,3,6,3,No,33,Supportive,Hybrid,0,12,Non-Travel,No
1115,51,Female,PhD,Principal SE,QA,9,4,95304,10,2,1,1,3,3,0,3,No,9,Supportive,On-site,0,31,Travel_Rarely,No
1116,44,Female,Bachelor's,Senior SE,Backend,12,3,110592,11,2,3,3,2,3,0,5,Yes,13,Supportive,Hybrid,0,9,Travel_Rarely,No
1117,36,Non-binary,Bachelor's,Mid SE,DevOps,6,8,103548,19,4,4,1,4,3,3,0,Yes,28,Demanding,Hybrid,1,7,Travel_Rarely,No
1118,50,Female,Bachelor's,Senior SE,DevOps,18,5,143447,15,3,4,3,3,3,2,0,No,7,Demanding,Hybrid,3,29,Travel_Frequently,No
1119,57,Female,Bachelor's,Senior SE,Frontend,18,9,84986,28,2,3,3,1,4,0,1,No,26,Toxic,On-site,1,14,Travel_Rarely,No
1120,34,Male,Bachelor's,Senior SE,Backend,16,9,119095,7,3,1,4,3,3,2,3,No,16,Demanding,On-site,1,20,Non-Travel,No
1121,53,Male,Master's,Junior SE,ML/AI,12,9,136594,10,2,3,3,2,3,2,6,Yes,40,Demanding,On-site,1,32,Travel_Rarely,No
1122,28,Male,Bachelor's,Senior SE,ML/AI,12,2,133281,6,1,1,2,1,3,5,5,No,26,Supportive,Hybrid,2,22,Travel_Rarely,No
1123,43,Female,Bachelor's,Tech Lead,Mobile,1,9,111151,18,1,3,2,2,3,0,8,No,39,Demanding,Full Remote,2,18,Travel_Rarely,Yes
1124,49,Male,Master's,Staff SE,DevOps,9,5,118598,13,4,4,1,3,3,2,6,No,32,Demanding,On-site,1,25,Travel_Frequently,No
1125,23,Female,Master's,Junior SE,DevOps,12,0,73214,22,4,2,1,1,3,3,4,No,36,Supportive,Full Remote,1,31,Non-Travel,No
1126,27,Non-binary,Bachelor's,Senior SE,Backend,8,4,83745,23,3,1,2,1,4,0,5,No,42,Demanding,Hybrid,2,26,Travel_Frequently,No
1127,49,Female,Master's,Senior SE,QA,0,9,218620,16,4,2,1,3,4,3,8,Yes,1,Neutral,Hybrid,2,4,Non-Travel,No
1128,49,Male,Bachelor's,Mid SE,ML/AI,13,5,186753,17,3,4,1,1,3,3,0,No,49,Toxic,Hybrid,3,20,Travel_Rarely,No
1129,41,Male,Master's,Junior SE,Mobile,15,7,183056,16,1,3,2,4,4,2,8,No,21,Demanding,Hybrid,1,34,Non-Travel,No
1130,51,Male,Master's,Mid SE,Backend,19,8,203651,16,1,4,2,1,3,2,5,No,13,Toxic,On-site,0,12,Non-Travel,No
1131,32,Female,Bachelor's,Mid SE,DevOps,14,2,135810,22,2,2,2,1,4,5,3,No,26,Supportive,Full Remote,3,16,Travel_Frequently,No
1132,49,Female,PhD,Mid SE,ML/AI,0,1,231005,13,3,4,4,4,3,6,4,No,45,Supportive,On-site,0,5,Travel_Rarely,No
1133,46,Female,Bachelor's,Senior SE,Mobile,16,3,203471,21,1,4,4,2,3,5,0,Yes,9,Toxic,On-site,3,27,Travel_Frequently,No
1134,54,Male,Master's,Senior SE,Frontend,12,7,207553,25,1,3,2,2,4,0,6,Yes,37,Supportive,On-site,1,1,Non-Travel,No
1135,22,Female,Bachelor's,Senior SE,ML/AI,14,7,45944,20,3,2,3,4,3,5,7,No,23,Neutral,Hybrid,0,34,Travel_Rarely,No
1136,48,Female,Master's,Principal SE,Mobile,15,2,138993,21,2,2,2,1,3,1,4,No,1,Neutral,Hybrid,2,32,Travel_Rarely,No
1137,34,Male,Master's,Mid SE,Backend,15,3,54114,25,2,2,4,3,4,0,1,Yes,2,Demanding,On-site,3,33,Non-Travel,No
1138,24,Female,PhD,Junior SE,Frontend,1,2,84846,28,2,1,1,4,4,3,7,No,43,Supportive,Hybrid,0,31,Non-Travel,No
1139,27,Male,Bachelor's,Senior SE,Mobile,16,9,77596,12,2,4,3,3,3,5,6,No,28,Supportive,Hybrid,3,13,Non-Travel,No
1140,29,Male,Master's,Junior SE,Mobile,10,1,149087,15,1,2,3,2,3,5,8,Yes,36,Neutral,Hybrid,1,2,Travel_Frequently,No
1141,48,Female,Master's,Mid SE,DevOps,7,3,51907,28,3,4,1,4,4,6,3,Yes,31,Neutral,Full Remote,0,30,Travel_Rarely,No
1142,30,Male,Master's,Junior SE,QA,19,5,204186,6,3,3,3,3,4,5,8,Yes,41,Supportive,Hybrid,0,10,Non-Travel,No
1143,54,Female,Master's,Junior SE,ML/AI,2,4,70009,12,1,3,1,1,3,2,3,No,5,Demanding,Hybrid,0,23,Non-Travel,No
1144,45,Female,Master's,Tech Lead,DevOps,11,2,129846,16,1,1,4,4,4,3,2,No,37,Demanding,Hybrid,3,33,Non-Travel,No
1145,36,Male,Bachelor's,Mid SE,Frontend,19,1,95241,25,1,1,3,3,4,5,2,No,25,Demanding,Full Remote,2,29,Travel_Rarely,No
1146,53,Male,Bachelor's,Mid SE,QA,15,8,211797,5,4,3,3,4,3,4,1,No,8,Supportive,On-site,2,30,Travel_Frequently,No
1147,53,Male,Master's,Junior SE,Mobile,13,0,63996,27,3,2,1,4,4,4,2,No,34,Demanding,Hybrid,2,34,Travel_Rarely,No
1148,45,Female,Bachelor's,Senior SE,DevOps,15,8,182119,17,3,3,1,2,3,3,7,No,39,Toxic,Hybrid,1,17,Non-Travel,No
1149,33,Male,Bootcamp,Mid SE,QA,16,0,73767,26,3,4,4,2,3,5,7,No,49,Neutral,On-site,0,22,Travel_Rarely,No
1150,23,Male,Master's,Senior SE,ML/AI,10,6,61347,25,2,1,1,1,3,6,1,No,32,Supportive,Hybrid,2,5,Travel_Frequently,No
1151,24,Male,Bootcamp,Mid SE,Frontend,16,5,147063,21,1,1,1,2,3,1,1,Yes,11,Toxic,On-site,2,11,Travel_Rarely,No
1152,38,Female,Bachelor's,Junior SE,Backend,18,6,69102,18,1,3,4,2,4,6,1,No,47,Neutral,Hybrid,0,22,Travel_Frequently,No
1153,23,Male,PhD,Mid SE,DevOps,0,2,49263,18,1,2,2,2,3,1,6,No,25,Demanding,On-site,1,32,Non-Travel,No
1154,23,Female,Master's,Junior SE,Frontend,11,2,153585,20,4,2,2,3,4,0,5,Yes,3,Supportive,Hybrid,3,24,Travel_Rarely,No
1155,49,Female,Master's,Mid SE,Backend,14,0,112438,21,3,4,1,4,4,0,0,No,45,Demanding,Hybrid,3,11,Travel_Rarely,No
1156,44,Male,Master's,Mid SE,DevOps,17,3,141359,10,1,1,4,2,4,6,1,No,32,Toxic,Hybrid,3,11,Travel_Rarely,No
1157,53,Male,Bachelor's,Principal SE,Frontend,13,1,206612,11,4,3,2,3,3,5,0,No,35,Neutral,Hybrid,0,17,Travel_Rarely,No
1158,54,Non-binary,Master's,Junior SE,Frontend,0,9,175251,5,1,3,4,4,3,6,6,No,32,Supportive,Full Remote,1,32,Non-Travel,No
1159,22,Female,Master's,Senior SE,QA,12,7,239841,29,2,1,1,2,3,0,5,Yes,34,Supportive,On-site,0,19,Non-Travel,No
1160,40,Female,Bachelor's,Junior SE,DevOps,14,2,216915,19,3,3,1,2,4,2,1,No,37,Supportive,Hybrid,3,27,Travel_Frequently,No
1161,23,Female,Bachelor's,Mid SE,Frontend,6,6,72690,24,4,1,4,4,3,1,1,No,5,Neutral,On-site,2,32,Non-Travel,No
1162,47,Male,Bootcamp,Mid SE,Mobile,14,6,47994,25,1,2,3,3,4,3,1,No,45,Demanding,Hybrid,2,25,Travel_Frequently,No
1163,53,Male,PhD,Principal SE,DevOps,19,8,148533,22,3,2,1,3,4,6,7,No,28,Supportive,Hybrid,2,28,Travel_Rarely,No
1164,27,Male,Bootcamp,Junior SE,Frontend,9,5,112546,17,4,3,1,1,4,5,6,No,28,Supportive,On-site,3,27,Travel_Rarely,No
1165,53,Male,Master's,Junior SE,QA,13,0,183449,28,3,2,1,4,3,5,0,Yes,8,Neutral,On-site,1,14,Travel_Frequently,No
1166,25,Male,Bachelor's,Mid SE,Backend,5,7,123572,6,3,2,1,1,3,4,3,No,27,Neutral,Hybrid,3,2,Travel_Rarely,No
1167,32,Male,Bachelor's,Junior SE,Backend,13,0,71467,23,2,4,4,3,4,1,3,No,16,Neutral,On-site,0,17,Travel_Rarely,No
1168,38,Male,Bachelor's,Junior SE,Mobile,11,2,176120,19,3,1,4,2,3,1,6,No,18,Demanding,Hybrid,1,1,Non-Travel,No
1169,45,Female,Bachelor's,Senior SE,DevOps,10,4,213050,16,4,1,4,1,4,1,1,No,25,Demanding,Full Remote,2,32,Travel_Frequently,No
1170,26,Female,Bachelor's,Junior SE,QA,19,7,92606,19,3,3,4,3,3,6,3,No,48,Supportive,Hybrid,1,19,Travel_Rarely,No
1171,55,Male,Bachelor's,Junior SE,Frontend,18,8,143112,29,4,1,3,3,4,0,0,No,1,Neutral,On-site,1,14,Travel_Rarely,Yes
1172,27,Female,Bachelor's,Senior SE,Frontend,1,6,118414,22,3,4,4,2,4,2,3,Yes,8,Neutral,On-site,3,31,Travel_Rarely,No
1173,43,Male,Bootcamp,Mid SE,Backend,19,8,138145,18,1,3,4,4,3,6,0,No,21,Supportive,Full Remote,1,18,Non-Travel,Yes
1174,32,Female,Bachelor's,Junior SE,QA,0,2,225294,10,2,3,1,3,3,3,1,No,34,Neutral,On-site,3,14,Travel_Frequently,No
1175,37,Male,PhD,Mid SE,Mobile,7,4,93115,16,1,1,3,1,4,0,1,Yes,24,Demanding,On-site,0,14,Non-Travel,No
1176,54,Non-binary,Master's,Senior SE,Backend,13,9,134606,24,2,2,1,2,3,6,2,Yes,37,Supportive,Hybrid,1,24,Non-Travel,No
1177,30,Female,Bachelor's,Mid SE,Backend,8,7,85647,27,4,2,3,4,3,2,7,No,26,Supportive,Hybrid,1,5,Non-Travel,No
1178,27,Male,Bachelor's,Mid SE,Mobile,1,0,99607,10,2,2,2,4,3,1,5,No,47,Demanding,Hybrid,1,16,Non-Travel,Yes
1179,37,Male,Bachelor's,Junior SE,DevOps,4,7,233482,13,3,2,3,4,3,2,5,Yes,14,Demanding,Full Remote,2,5,Travel_Rarely,No
1180,50,Male,Bachelor's,Senior SE,Frontend,7,6,66996,29,3,4,3,3,3,0,8,Yes,29,Neutral,On-site,3,13,Non-Travel,No
1181,24,Male,Master's,Mid SE,DevOps,15,0,230993,8,1,3,1,4,4,6,7,Yes,30,Demanding,Hybrid,3,16,Non-Travel,Yes
1182,41,Male,Bachelor's,Senior SE,QA,15,9,128697,21,2,2,3,3,3,1,1,Yes,3,Toxic,Hybrid,2,15,Non-Travel,Yes
1183,57,Female,Bachelor's,Tech Lead,ML/AI,12,9,91022,6,4,4,3,2,3,6,5,No,7,Supportive,Full Remote,3,31,Travel_Rarely,No
1184,40,Male,Bachelor's,Senior SE,ML/AI,19,5,85148,20,4,3,1,2,4,0,0,No,36,Supportive,On-site,0,5,Travel_Rarely,No
1185,47,Female,Bootcamp,Mid SE,ML/AI,14,0,112764,28,3,1,2,4,3,3,8,No,11,Supportive,Hybrid,2,21,Travel_Rarely,No
1186,24,Female,Master's,Mid SE,Mobile,0,1,136901,18,4,1,2,2,3,1,3,No,32,Demanding,Hybrid,3,30,Travel_Rarely,No
1187,40,Male,Master's,Mid SE,Backend,2,4,135724,12,3,4,2,1,4,2,3,No,12,Neutral,Hybrid,0,23,Travel_Rarely,No
1188,41,Female,Bachelor's,Junior SE,DevOps,5,1,169766,18,3,3,3,1,4,0,8,No,15,Toxic,Full Remote,3,29,Non-Travel,No
1189,53,Male,Master's,Junior SE,Frontend,13,9,53888,6,3,2,1,3,3,4,2,No,38,Demanding,On-site,2,13,Travel_Frequently,No
1190,28,Female,Master's,Tech Lead,ML/AI,3,0,215231,20,1,3,2,4,4,2,4,No,24,Neutral,Hybrid,3,32,Non-Travel,No
1191,54,Male,Master's,Mid SE,DevOps,17,5,218269,8,1,2,2,3,4,2,0,No,1,Supportive,Hybrid,0,27,Non-Travel,No
1192,39,Non-binary,Bootcamp,Mid SE,ML/AI,14,7,143941,5,3,4,2,2,3,1,5,No,18,Neutral,Full Remote,0,34,Travel_Rarely,No
1193,22,Female,Bachelor's,Senior SE,ML/AI,8,7,200546,27,3,2,2,4,3,6,2,No,46,Supportive,Full Remote,0,33,Travel_Rarely,No
1194,32,Male,Bootcamp,Senior SE,Frontend,17,7,62333,24,3,4,1,3,4,5,0,Yes,7,Toxic,On-site,3,4,Travel_Frequently,Yes
1195,49,Male,Bootcamp,Junior SE,QA,2,5,81355,18,4,3,2,4,3,2,5,Yes,42,Neutral,Hybrid,2,18,Non-Travel,No
1196,46,Female,Bachelor's,Tech Lead,QA,9,2,174686,12,3,3,3,4,3,0,1,No,41,Supportive,On-site,3,6,Travel_Rarely,No
1197,44,Female,Master's,Junior SE,QA,16,0,249975,29,3,2,3,3,4,4,7,No,2,Neutral,Full Remote,1,28,Travel_Rarely,No
1198,52,Male,Bootcamp,Senior SE,Mobile,6,1,242330,29,2,3,1,4,3,3,1,No,40,Supportive,Hybrid,2,27,Non-Travel,No
1199,51,Male,Bachelor's,Tech Lead,Backend,14,4,207217,7,2,2,4,2,3,4,3,No,31,Neutral,On-site,1,26,Non-Travel,No
1200,56,Female,Master's,Senior SE,Mobile,0,9,148170,9,2,3,2,1,3,0,2,Yes,33,Supportive,Hybrid,3,20,Travel_Rarely,No
1201,28,Male,Bootcamp,Senior SE,DevOps,10,4,120675,10,2,1,2,1,3,1,8,No,30,Neutral,Hybrid,2,13,Non-Travel,No
1202,37,Female,Master's,Junior SE,Mobile,16,9,225926,26,3,2,3,4,3,0,1,No,31,Neutral,On-site,1,28,Non-Travel,No
1203,47,Male,Bachelor's,Mid SE,DevOps,4,0,112664,12,2,4,1,1,3,5,2,Yes,34,Neutral,On-site,3,34,Non-Travel,No
1204,23,Male,Master's,Senior SE,DevOps,6,0,131153,10,4,1,4,4,3,5,6,No,7,Demanding,Full Remote,2,23,Non-Travel,No
1205,22,Female,Bachelor's,Mid SE,Backend,18,8,138616,10,4,4,3,3,3,5,3,No,25,Supportive,Hybrid,0,10,Non-Travel,No
1206,33,Male,Master's,Tech Lead,Frontend,14,1,80285,8,2,3,4,2,4,2,5,No,16,Neutral,Full Remote,0,30,Non-Travel,No
1207,26,Male,Bachelor's,Mid SE,Backend,2,6,193605,11,1,1,1,1,4,1,2,No,22,Neutral,On-site,0,22,Non-Travel,No
1208,53,Male,Master's,Mid SE,QA,14,9,208696,28,4,3,1,3,3,6,0,No,36,Neutral,Hybrid,1,5,Travel_Frequently,No
1209,30,Male,Master's,Mid SE,QA,4,3,91996,23,4,2,1,2,4,5,5,No,27,Toxic,On-site,1,9,Non-Travel,No
1210,56,Female,Master's,Mid SE,Mobile,11,6,91947,11,2,4,3,1,4,6,3,No,17,Supportive,Full Remote,3,4,Travel_Rarely,No
1211,40,Male,Master's,Senior SE,DevOps,19,7,204028,7,2,3,1,1,4,3,1,No,4,Demanding,Hybrid,0,1,Travel_Frequently,No
1212,37,Female,Master's,Senior SE,ML/AI,4,4,96030,12,3,4,3,2,3,3,6,No,35,Neutral,Full Remote,1,34,Travel_Frequently,No
1213,24,Female,Master's,Senior SE,ML/AI,2,0,234669,5,4,4,3,3,3,6,4,No,41,Neutral,Hybrid,0,26,Non-Travel,No
1214,41,Female,Bachelor's,Tech Lead,DevOps,8,3,87443,5,2,3,2,3,4,0,5,No,22,Demanding,Full Remote,3,18,Non-Travel,No
1215,45,Male,Master's,Principal SE,Backend,8,9,173344,18,2,2,3,1,3,5,5,No,47,Supportive,Hybrid,2,16,Travel_Rarely,No
1216,54,Male,Bachelor's,Tech Lead,Frontend,6,2,110464,10,3,4,3,2,3,2,8,No,35,Demanding,On-site,1,23,Travel_Frequently,No
1217,45,Female,Bootcamp,Junior SE,Backend,1,9,173019,14,4,3,2,3,3,3,1,No,44,Supportive,Full Remote,1,26,Non-Travel,No
1218,32,Female,Bachelor's,Senior SE,DevOps,15,4,180024,29,2,2,4,2,4,4,5,No,15,Neutral,Hybrid,2,2,Non-Travel,No
1219,29,Male,Bachelor's,Junior SE,DevOps,8,9,232952,18,3,3,2,2,3,1,8,No,40,Demanding,On-site,1,5,Travel_Frequently,No
1220,57,Male,Master's,Junior SE,Frontend,12,9,228273,8,2,2,2,1,3,4,3,Yes,44,Supportive,On-site,3,29,Travel_Rarely,No
1221,41,Male,Master's,Senior SE,Mobile,18,5,165454,10,1,4,1,2,3,6,5,No,21,Demanding,Hybrid,1,4,Travel_Rarely,No
1222,56,Female,Bachelor's,Mid SE,Mobile,19,1,169444,20,1,1,1,2,4,3,6,No,13,Supportive,On-site,1,22,Travel_Rarely,No
1223,46,Female,Master's,Junior SE,Frontend,16,6,157175,25,2,3,2,4,3,3,0,No,47,Demanding,Hybrid,2,8,Non-Travel,No
1224,56,Female,Master's,Junior SE,Mobile,5,2,87460,5,4,4,1,2,3,0,4,No,11,Neutral,Hybrid,3,21,Travel_Rarely,No
1225,46,Female,Master's,Junior SE,ML/AI,3,0,198868,10,1,3,2,3,3,0,3,No,49,Demanding,On-site,0,8,Travel_Rarely,Yes
1226,50,Female,Bachelor's,Principal SE,Mobile,0,9,207818,13,3,3,1,1,3,5,1,No,27,Toxic,On-site,0,5,Travel_Rarely,No
1227,39,Male,Master's,Junior SE,Mobile,17,2,45015,19,2,2,3,1,3,6,1,No,31,Neutral,On-site,2,21,Travel_Frequently,No
1228,39,Male,Master's,Junior SE,Mobile,18,8,94757,16,3,3,1,2,3,1,1,Yes,44,Supportive,On-site,3,27,Travel_Rarely,No
1229,23,Male,Master's,Mid SE,ML/AI,8,9,202029,7,1,2,1,2,3,5,6,Yes,32,Demanding,Full Remote,2,5,Non-Travel,No
1230,56,Male,Master's,Mid SE,Mobile,12,5,126541,15,4,4,3,3,3,0,3,No,30,Supportive,Hybrid,2,21,Travel_Rarely,No
1231,37,Female,Master's,Principal SE,QA,7,5,66292,19,3,3,2,4,4,2,5,Yes,18,Neutral,Hybrid,0,8,Travel_Rarely,Yes
1232,57,Male,Bachelor's,Junior SE,ML/AI,12,3,167694,7,1,4,1,1,3,1,6,No,16,Toxic,Hybrid,3,22,Travel_Rarely,No
1233,54,Male,Bachelor's,Mid SE,Frontend,14,7,207948,18,1,1,1,4,3,2,8,No,35,Demanding,Full Remote,3,18,Non-Travel,No
1234,25,Male,Bachelor's,Senior SE,Backend,10,4,236799,6,1,4,3,3,3,5,1,No,9,Supportive,Hybrid,2,4,Travel_Rarely,No
1235,54,Male,Bachelor's,Principal SE,Frontend,11,6,92046,8,3,3,3,1,3,0,8,No,39,Supportive,On-site,0,4,Travel_Rarely,Yes
1236,35,Male,Bachelor's,Senior SE,Backend,13,8,59817,23,1,1,3,3,3,1,4,No,37,Supportive,On-site,3,15,Travel_Rarely,No
1237,42,Male,Master's,Tech Lead,Frontend,3,4,54759,16,2,2,4,2,3,5,5,No,10,Neutral,Hybrid,2,27,Travel_Frequently,Yes
1238,41,Female,Bachelor's,Junior SE,QA,0,4,224504,6,1,1,3,3,4,3,5,No,12,Supportive,Hybrid,1,21,Non-Travel,No
1239,29,Male,Bootcamp,Mid SE,Backend,3,3,51412,21,2,3,2,2,3,5,2,Yes,8,Demanding,On-site,0,4,Non-Travel,No
1240,28,Female,Bachelor's,Mid SE,Backend,18,5,233829,7,4,3,1,4,3,6,6,No,3,Neutral,Hybrid,3,11,Travel_Rarely,No
1241,24,Male,Master's,Principal SE,DevOps,8,1,65504,14,2,4,1,1,3,4,6,No,19,Toxic,On-site,3,19,Travel_Frequently,No
1242,38,Male,Master's,Junior SE,Backend,9,2,153500,20,4,2,4,1,3,3,7,Yes,11,Demanding,Full Remote,3,19,Non-Travel,No
1243,54,Male,Bachelor's,Junior SE,Backend,3,0,53507,26,4,3,1,4,3,2,4,No,8,Toxic,Hybrid,0,27,Non-Travel,No
1244,33,Female,Bachelor's,Mid SE,DevOps,19,1,66050,13,2,3,1,2,3,3,1,No,26,Supportive,On-site,2,28,Travel_Frequently,No
1245,43,Female,Master's,Junior SE,Mobile,8,1,180892,15,4,2,2,1,3,5,2,No,45,Neutral,On-site,1,5,Travel_Frequently,No
1246,43,Male,Bachelor's,Junior SE,Mobile,12,7,183907,25,2,2,1,3,3,3,8,Yes,23,Supportive,Hybrid,3,25,Travel_Frequently,No
1247,51,Male,Bootcamp,Staff SE,DevOps,11,7,145153,19,3,4,2,2,3,4,5,No,10,Supportive,Full Remote,0,3,Non-Travel,No
1248,29,Female,Master's,Mid SE,ML/AI,10,1,58587,7,4,1,4,1,3,6,7,No,18,Neutral,On-site,3,26,Travel_Frequently,No
1249,48,Male,Bootcamp,Senior SE,Backend,11,5,102732,20,2,2,2,3,3,5,7,No,12,Demanding,Hybrid,2,10,Travel_Rarely,No
1250,48,Male,Bachelor's,Senior SE,Backend,17,4,96921,25,4,3,3,3,3,4,4,No,39,Supportive,On-site,1,24,Travel_Rarely,No
1251,55,Female,Master's,Mid SE,DevOps,11,2,221571,25,1,2,3,1,3,3,0,No,26,Supportive,Hybrid,3,29,Non-Travel,No
1252,42,Female,Master's,Junior SE,DevOps,15,4,162734,25,2,3,4,4,3,4,5,Yes,11,Supportive,Full Remote,0,7,Travel_Rarely,Yes
1253,51,Male,Master's,Junior SE,ML/AI,4,4,175104,16,1,4,1,4,3,3,6,No,10,Demanding,Full Remote,2,23,Non-Travel,No
1254,54,Female,Bachelor's,Mid SE,QA,19,4,182912,27,4,1,2,1,3,1,8,Yes,3,Toxic,Hybrid,1,27,Non-Travel,No
1255,49,Female,Master's,Senior SE,Mobile,11,2,241149,9,4,4,3,3,3,3,1,Yes,7,Supportive,Full Remote,0,9,Travel_Rarely,Yes
1256,54,Male,Master's,Mid SE,Frontend,10,2,76440,11,3,2,2,4,3,0,1,Yes,4,Neutral,Full Remote,3,3,Non-Travel,No
1257,26,Female,Master's,Junior SE,QA,8,3,80183,13,2,3,3,4,3,4,0,No,40,Toxic,Hybrid,0,13,Non-Travel,No
1258,40,Female,Bachelor's,Mid SE,Mobile,17,6,141172,25,1,2,2,4,3,6,4,No,8,Supportive,Hybrid,1,6,Non-Travel,No
1259,25,Male,PhD,Principal SE,Backend,2,1,178461,22,3,2,1,2,3,4,1,Yes,38,Demanding,Hybrid,2,21,Travel_Rarely,No
1260,56,Male,Bachelor's,Tech Lead,QA,19,9,231148,25,4,2,4,4,4,2,2,No,13,Supportive,Full Remote,2,19,Non-Travel,No
1261,38,Male,Master's,Tech Lead,DevOps,16,3,159515,12,4,2,1,1,4,6,1,Yes,12,Neutral,On-site,3,25,Travel_Rarely,No
1262,49,Female,PhD,Tech Lead,ML/AI,13,3,168183,16,3,1,2,1,3,6,3,No,35,Neutral,Full Remote,3,4,Travel_Rarely,No
1263,51,Male,Master's,Mid SE,Mobile,0,0,111299,24,1,3,3,2,4,2,2,No,38,Demanding,Hybrid,3,22,Travel_Rarely,No
1264,50,Female,Master's,Tech Lead,ML/AI,16,9,160503,6,4,2,3,2,3,0,8,No,43,Supportive,Hybrid,3,5,Travel_Rarely,No
1265,27,Female,Bachelor's,Junior SE,Mobile,7,7,84023,14,4,3,4,1,3,4,1,No,36,Supportive,On-site,1,1,Travel_Rarely,No
1266,56,Male,Bootcamp,Senior SE,QA,4,0,226101,23,2,1,1,2,4,6,6,No,47,Supportive,Hybrid,3,17,Non-Travel,No
1267,45,Female,Bachelor's,Senior SE,Backend,4,7,84941,13,3,3,1,4,4,4,2,No,2,Neutral,Full Remote,0,9,Non-Travel,No
1268,50,Male,Master's,Junior SE,Frontend,8,6,230022,29,4,3,1,3,4,6,7,Yes,15,Demanding,Full Remote,1,9,Travel_Rarely,No
1269,52,Female,Master's,Tech Lead,ML/AI,2,8,166677,28,1,1,3,3,3,2,3,Yes,49,Demanding,On-site,1,24,Travel_Frequently,No
1270,56,Female,Master's,Principal SE,ML/AI,18,7,121054,12,2,2,4,3,3,2,3,No,34,Supportive,On-site,3,10,Non-Travel,No
1271,54,Male,Bachelor's,Mid SE,Frontend,8,4,110363,28,3,3,3,1,3,3,8,No,39,Demanding,Hybrid,1,20,Travel_Rarely,No
1272,42,Male,Master's,Tech Lead,ML/AI,17,7,106742,28,1,4,1,2,3,5,2,No,26,Supportive,Full Remote,0,17,Travel_Frequently,No
1273,53,Male,Master's,Junior SE,ML/AI,15,9,90215,28,4,3,2,3,3,4,6,Yes,48,Neutral,Hybrid,1,13,Travel_Frequently,No
1274,44,Male,Bachelor's,Senior SE,Mobile,0,2,92857,5,3,2,3,4,4,4,0,No,5,Demanding,Hybrid,1,29,Non-Travel,Yes
1275,54,Male,Bootcamp,Mid SE,Mobile,1,9,100476,10,3,4,4,4,3,6,6,Yes,48,Supportive,On-site,0,23,Travel_Rarely,Yes
1276,24,Male,Bachelor's,Senior SE,Frontend,13,6,204245,16,1,2,1,4,3,3,1,Yes,25,Supportive,Full Remote,0,27,Non-Travel,Yes
1277,39,Non-binary,Bachelor's,Principal SE,Backend,13,3,185467,29,3,3,2,2,3,4,5,No,34,Supportive,Hybrid,1,18,Travel_Rarely,Yes
1278,46,Male,Bachelor's,Principal SE,QA,0,4,104768,28,1,1,3,3,3,6,8,No,47,Demanding,Hybrid,2,18,Non-Travel,No
1279,52,Male,Bachelor's,Tech Lead,QA,15,8,148591,23,4,2,2,4,3,0,5,No,4,Neutral,Hybrid,1,9,Travel_Rarely,Yes
1280,24,Female,Bootcamp,Mid SE,ML/AI,14,6,91229,21,2,2,2,2,4,2,2,No,34,Neutral,Hybrid,0,3,Travel_Frequently,No
1281,45,Male,Bachelor's,Principal SE,Backend,14,3,202711,6,1,1,4,4,3,2,0,No,27,Demanding,On-site,0,7,Travel_Frequently,No
1282,53,Non-binary,Bachelor's,Junior SE,Frontend,11,5,156706,15,2,3,3,3,3,5,3,Yes,42,Demanding,Hybrid,0,15,Travel_Frequently,No
1283,43,Female,Bachelor's,Tech Lead,Frontend,15,9,107583,22,3,2,4,3,4,2,3,No,29,Demanding,Hybrid,2,30,Non-Travel,No
1284,44,Female,Master's,Mid SE,Mobile,13,6,204996,27,1,3,1,3,4,1,7,No,5,Neutral,Hybrid,0,9,Non-Travel,No
1285,23,Male,Master's,Junior SE,ML/AI,14,9,171011,26,4,3,2,3,4,0,6,No,18,Supportive,Hybrid,3,27,Travel_Rarely,No
1286,48,Male,Bachelor's,Senior SE,DevOps,14,8,249041,15,1,3,4,3,4,0,6,No,4,Supportive,Full Remote,3,18,Travel_Rarely,Yes
1287,23,Male,Bachelor's,Junior SE,Frontend,18,3,75104,22,1,1,4,4,3,3,6,No,1,Demanding,Hybrid,2,31,Non-Travel,No
1288,47,Female,PhD,Junior SE,ML/AI,7,9,82594,12,1,3,1,3,4,1,1,No,20,Demanding,Full Remote,0,17,Non-Travel,No
1289,38,Male,Bachelor's,Mid SE,Backend,1,2,48664,19,2,3,3,4,3,4,8,Yes,6,Toxic,On-site,0,6,Travel_Frequently,No
1290,54,Male,Master's,Junior SE,Mobile,1,7,55528,13,2,4,4,3,4,5,5,Yes,20,Supportive,Hybrid,3,25,Travel_Frequently,Yes
1291,30,Non-binary,Bachelor's,Junior SE,QA,9,0,204262,19,3,4,2,4,3,0,1,No,20,Supportive,Full Remote,3,31,Non-Travel,No
1292,50,Male,Master's,Junior SE,Backend,2,8,242105,11,3,4,2,3,3,1,0,No,46,Supportive,Full Remote,1,29,Non-Travel,Yes
1293,47,Male,Bachelor's,Mid SE,Frontend,16,0,237233,24,3,2,2,4,3,1,0,No,27,Supportive,Hybrid,2,9,Travel_Rarely,No
1294,56,Male,Master's,Junior SE,Frontend,7,1,249249,17,3,2,2,3,3,6,0,No,26,Neutral,Hybrid,1,1,Travel_Frequently,No
1295,46,Non-binary,Bachelor's,Senior SE,Backend,3,7,173404,17,1,4,4,2,3,0,3,No,32,Toxic,Hybrid,2,16,Travel_Rarely,No
1296,45,Male,Bootcamp,Junior SE,Frontend,13,8,246251,5,2,1,2,4,3,6,3,No,10,Neutral,Hybrid,0,23,Travel_Frequently,No
1297,34,Female,Bachelor's,Staff SE,ML/AI,9,6,246664,24,2,1,4,2,4,3,8,No,18,Neutral,On-site,0,8,Travel_Rarely,No
1298,28,Female,Master's,Principal SE,Frontend,0,2,77899,8,2,4,3,4,3,1,0,Yes,41,Demanding,Hybrid,2,12,Travel_Frequently,No
1299,57,Male,Bachelor's,Mid SE,Mobile,3,6,115979,28,2,2,2,4,3,2,2,No,12,Supportive,Hybrid,1,10,Travel_Rarely,Yes
1300,41,Female,Bachelor's,Tech Lead,ML/AI,0,5,62241,8,3,2,3,4,4,1,2,No,10,Demanding,On-site,3,16,Travel_Frequently,Yes
1301,22,Male,Master's,Tech Lead,DevOps,16,1,91211,8,1,1,4,1,3,4,7,Yes,24,Neutral,Full Remote,2,24,Travel_Frequently,No
1302,29,Male,Bachelor's,Staff SE,Frontend,16,2,108472,17,2,3,1,3,3,0,1,No,24,Supportive,Full Remote,2,8,Non-Travel,No
1303,37,Female,PhD,Senior SE,Frontend,6,9,249829,6,4,1,3,2,3,4,5,No,38,Neutral,Hybrid,2,11,Non-Travel,No
1304,35,Female,Bootcamp,Junior SE,Mobile,19,9,76346,27,1,3,2,2,3,3,3,No,46,Neutral,On-site,0,26,Travel_Frequently,No
1305,33,Female,PhD,Senior SE,Mobile,14,4,126196,19,4,2,1,4,4,5,5,No,25,Supportive,Hybrid,2,7,Non-Travel,No
1306,44,Male,Bachelor's,Senior SE,QA,12,9,149451,8,1,2,3,2,4,2,4,Yes,8,Supportive,Full Remote,0,15,Travel_Rarely,No
1307,36,Male,Master's,Senior SE,Backend,1,3,147908,10,1,4,4,2,4,0,8,No,14,Neutral,On-site,3,15,Travel_Frequently,Yes
1308,49,Male,Bachelor's,Mid SE,Backend,18,1,218292,7,1,2,4,2,3,1,8,No,43,Supportive,Hybrid,3,3,Travel_Frequently,No
1309,55,Male,PhD,Tech Lead,Backend,12,3,194014,11,4,3,4,2,3,2,0,Yes,31,Supportive,On-site,1,16,Non-Travel,No
1310,23,Male,Master's,Staff SE,Mobile,10,7,94167,10,2,1,3,1,3,1,2,No,24,Neutral,On-site,0,15,Travel_Rarely,No
1311,53,Male,PhD,Junior SE,Backend,14,4,81373,7,2,4,4,4,3,3,0,Yes,16,Neutral,Hybrid,3,25,Travel_Rarely,No
1312,44,Male,Master's,Junior SE,Backend,9,4,112143,8,4,3,3,2,3,5,5,No,20,Demanding,On-site,3,33,Non-Travel,No
1313,43,Male,Master's,Junior SE,DevOps,8,9,165623,14,2,1,2,1,3,0,2,No,38,Toxic,On-site,1,14,Travel_Frequently,Yes
1314,46,Male,Bachelor's,Tech Lead,Backend,8,2,155013,25,3,1,2,1,3,3,0,No,47,Demanding,On-site,1,24,Travel_Rarely,No
1315,43,Male,Master's,Senior SE,Frontend,19,7,47016,13,2,1,3,4,3,3,5,No,15,Neutral,Hybrid,1,11,Travel_Frequently,Yes
1316,43,Female,Bachelor's,Senior SE,QA,0,5,114110,10,3,2,3,3,3,5,4,No,14,Demanding,On-site,0,3,Non-Travel,No
1317,27,Male,Master's,Mid SE,Mobile,16,1,222381,24,3,1,1,3,4,3,7,Yes,12,Neutral,Full Remote,2,9,Non-Travel,No
1318,36,Non-binary,Master's,Senior SE,ML/AI,11,1,52274,15,3,2,4,3,3,3,1,No,34,Supportive,On-site,0,6,Travel_Frequently,No
1319,54,Female,Master's,Mid SE,QA,9,8,60748,11,4,1,2,2,4,1,7,Yes,8,Supportive,Hybrid,1,31,Travel_Rarely,No
1320,29,Male,Bachelor's,Mid SE,DevOps,4,6,196247,22,2,1,2,4,4,6,4,Yes,19,Demanding,Full Remote,2,16,Non-Travel,No
1321,26,Female,Master's,Tech Lead,Mobile,17,9,56826,8,2,2,1,3,3,4,7,No,46,Demanding,Full Remote,3,11,Travel_Frequently,No
1322,25,Male,Bachelor's,Staff SE,Mobile,14,8,128008,9,4,2,3,2,3,1,3,No,5,Toxic,Hybrid,0,17,Travel_Frequently,No
1323,27,Male,Master's,Principal SE,Frontend,5,5,174288,8,4,3,3,4,3,5,3,No,27,Neutral,Hybrid,1,3,Travel_Rarely,No
1324,53,Male,Bachelor's,Principal SE,QA,6,4,210201,8,2,1,1,2,3,2,3,Yes,41,Demanding,Full Remote,1,19,Travel_Rarely,Yes
1325,51,Male,Bachelor's,Mid SE,QA,16,0,246081,17,4,2,4,3,3,5,5,No,13,Supportive,Full Remote,2,24,Non-Travel,No
1326,56,Male,Bachelor's,Mid SE,Backend,5,5,199562,20,4,3,3,3,4,5,3,No,32,Neutral,Hybrid,0,8,Travel_Frequently,No
1327,37,Male,Master's,Senior SE,Frontend,7,5,150623,29,3,3,3,1,4,5,8,Yes,31,Toxic,Hybrid,3,2,Travel_Frequently,No
1328,34,Female,Bachelor's,Principal SE,Backend,11,2,217507,18,4,2,4,1,3,5,8,No,41,Supportive,Hybrid,3,23,Non-Travel,No
1329,51,Female,Bachelor's,Junior SE,Backend,13,2,184592,15,3,1,4,4,4,3,2,Yes,46,Supportive,On-site,2,30,Non-Travel,No
1330,40,Male,Bootcamp,Mid SE,Mobile,11,2,128106,6,1,3,1,2,3,5,6,No,37,Neutral,Hybrid,2,25,Travel_Frequently,No
1331,38,Female,Bachelor's,Junior SE,QA,9,2,237949,26,3,1,1,2,4,2,4,No,2,Demanding,Full Remote,3,7,Non-Travel,No
1332,40,Male,Master's,Senior SE,Backend,19,6,195870,18,3,1,1,3,3,5,8,No,7,Supportive,Hybrid,2,28,Travel_Frequently,No
1333,49,Male,Master's,Mid SE,DevOps,14,9,99638,28,4,3,3,3,3,1,1,Yes,48,Neutral,On-site,2,17,Travel_Frequently,No
1334,47,Female,Bootcamp,Mid SE,DevOps,6,1,114072,28,2,2,1,4,3,3,2,Yes,11,Supportive,Full Remote,0,32,Travel_Frequently,No
1335,47,Male,Master's,Junior SE,QA,8,9,112309,11,1,1,3,1,4,1,4,Yes,11,Neutral,Hybrid,2,1,Travel_Rarely,Yes
1336,44,Male,Master's,Mid SE,DevOps,9,9,205966,15,1,4,2,3,3,3,4,Yes,23,Toxic,Hybrid,1,27,Travel_Rarely,No
1337,30,Male,Master's,Tech Lead,Mobile,9,1,239035,8,1,2,4,2,3,1,6,Yes,31,Supportive,On-site,1,7,Non-Travel,Yes
1338,33,Male,Bachelor's,Junior SE,Frontend,15,2,169724,11,2,3,4,3,4,0,7,No,44,Supportive,Hybrid,1,3,Travel_Rarely,No
1339,22,Non-binary,Master's,Senior SE,ML/AI,6,9,230639,20,1,4,2,1,4,4,7,Yes,45,Neutral,On-site,2,30,Non-Travel,No
1340,22,Male,Bachelor's,Senior SE,Backend,4,6,172843,10,1,1,1,2,3,4,0,No,8,Neutral,Hybrid,3,1,Travel_Rarely,No
1341,55,Female,Bootcamp,Tech Lead,ML/AI,2,2,80326,10,2,2,3,1,4,3,0,No,32,Supportive,On-site,1,34,Non-Travel,Yes
1342,53,Male,Bachelor's,Junior SE,Frontend,17,6,231131,6,1,4,3,4,3,0,2,Yes,48,Neutral,Hybrid,0,33,Non-Travel,No
1343,46,Male,Master's,Staff SE,Frontend,10,8,50079,28,4,2,3,4,3,2,0,No,21,Toxic,Hybrid,2,16,Non-Travel,No
1344,22,Male,Bachelor's,Senior SE,Mobile,14,9,201910,12,4,1,4,1,3,0,0,Yes,31,Supportive,Hybrid,3,11,Travel_Frequently,No
1345,37,Female,Master's,Staff SE,DevOps,19,3,166412,11,3,2,1,2,3,6,7,No,1,Supportive,On-site,3,8,Travel_Rarely,No
1346,26,Male,Bachelor's,Principal SE,DevOps,4,6,132340,29,3,4,3,1,3,3,0,No,13,Neutral,Full Remote,2,1,Non-Travel,No
1347,43,Female,PhD,Junior SE,Frontend,11,8,223181,28,3,2,3,3,3,0,8,Yes,11,Neutral,Full Remote,2,14,Travel_Rarely,No
1348,50,Female,Master's,Junior SE,Mobile,3,7,130211,18,4,3,3,3,3,2,1,No,29,Supportive,On-site,0,30,Non-Travel,No
1349,24,Male,Bachelor's,Mid SE,Mobile,14,7,201666,13,4,3,2,1,4,3,8,Yes,4,Neutral,Hybrid,2,21,Travel_Frequently,No
1350,33,Non-binary,Master's,Mid SE,QA,8,8,87749,19,4,4,3,3,4,4,6,No,36,Toxic,Hybrid,2,21,Travel_Rarely,No
1351,47,Female,Master's,Junior SE,Backend,6,4,212364,29,3,2,2,1,3,5,8,No,15,Supportive,Hybrid,3,34,Non-Travel,No
1352,37,Female,Master's,Junior SE,DevOps,9,4,163192,26,3,4,3,3,3,0,2,Yes,3,Neutral,Hybrid,1,26,Non-Travel,No
1353,43,Male,Bachelor's,Mid SE,Frontend,12,2,119534,22,3,2,3,1,3,4,0,No,29,Supportive,Hybrid,1,14,Travel_Frequently,No
1354,50,Male,Bachelor's,Junior SE,QA,7,4,124233,16,3,1,3,3,4,4,0,Yes,21,Neutral,On-site,3,18,Travel_Rarely,No
1355,35,Male,Bachelor's,Junior SE,ML/AI,11,7,96818,27,3,3,2,2,3,1,5,Yes,2,Neutral,Full Remote,2,20,Non-Travel,Yes
1356,49,Male,Bachelor's,Mid SE,DevOps,18,4,156910,23,3,1,3,2,3,2,6,Yes,6,Neutral,On-site,0,9,Travel_Rarely,No
1357,26,Male,PhD,Junior SE,Backend,0,3,58429,17,4,2,1,3,3,6,8,No,31,Neutral,Hybrid,1,33,Non-Travel,No
1358,51,Female,Bachelor's,Mid SE,Mobile,15,7,102748,11,2,1,3,1,3,5,5,No,24,Supportive,Full Remote,2,4,Non-Travel,No
1359,26,Male,Master's,Mid SE,Frontend,16,6,93807,29,2,4,2,3,3,0,4,No,40,Demanding,Hybrid,1,4,Travel_Frequently,No
1360,33,Female,Bachelor's,Mid SE,DevOps,17,5,52140,14,3,4,2,4,4,4,1,No,17,Neutral,Hybrid,3,16,Non-Travel,No
1361,37,Female,Master's,Tech Lead,ML/AI,10,4,108226,14,2,2,1,4,3,4,1,Yes,5,Supportive,Full Remote,1,26,Travel_Frequently,Yes
1362,47,Female,Master's,Senior SE,Backend,17,4,190973,6,2,3,4,1,3,6,7,No,2,Toxic,On-site,3,6,Travel_Rarely,No
1363,47,Male,PhD,Mid SE,Backend,6,9,133815,18,4,4,1,3,3,2,0,No,12,Supportive,On-site,3,22,Non-Travel,No
1364,42,Female,Bachelor's,Mid SE,QA,17,1,73525,17,3,3,1,3,4,5,7,No,5,Demanding,Full Remote,3,7,Travel_Frequently,No
1365,57,Male,Master's,Tech Lead,DevOps,7,3,65491,26,3,2,2,2,3,5,6,No,42,Neutral,Full Remote,0,30,Non-Travel,No
1366,54,Male,Bachelor's,Principal SE,ML/AI,5,7,244888,10,2,3,3,1,3,6,6,No,41,Neutral,Full Remote,2,10,Travel_Rarely,No
1367,51,Female,Bachelor's,Tech Lead,Backend,6,7,211052,13,3,2,3,4,3,4,4,Yes,20,Supportive,On-site,3,15,Travel_Frequently,No
1368,44,Male,Bachelor's,Senior SE,Frontend,9,0,53078,17,3,1,4,4,4,4,2,Yes,8,Supportive,Hybrid,3,6,Travel_Frequently,No
1369,31,Male,Master's,Junior SE,Backend,10,1,136654,13,3,2,4,1,3,4,6,No,1,Supportive,On-site,1,24,Non-Travel,No
1370,26,Male,Bachelor's,Mid SE,ML/AI,12,4,174101,17,3,1,4,4,3,4,6,No,6,Demanding,Hybrid,2,2,Non-Travel,No
1371,57,Male,Master's,Junior SE,Mobile,8,8,224776,9,2,2,4,1,4,1,6,No,11,Demanding,On-site,0,15,Travel_Rarely,No
1372,55,Male,Bachelor's,Principal SE,Mobile,6,9,61997,18,1,4,1,4,4,1,1,No,3,Demanding,Hybrid,0,21,Non-Travel,No
1373,52,Male,Master's,Senior SE,QA,8,6,176940,9,2,4,1,4,3,6,2,Yes,31,Demanding,Hybrid,1,18,Travel_Rarely,No
1374,31,Female,Bachelor's,Senior SE,DevOps,12,9,202470,13,4,3,3,1,4,5,2,No,28,Toxic,On-site,0,5,Non-Travel,No
1375,40,Female,Master's,Mid SE,ML/AI,2,4,142356,12,1,2,1,1,3,3,3,No,47,Neutral,On-site,1,25,Travel_Rarely,No
1376,53,Male,PhD,Tech Lead,QA,2,0,158711,11,1,2,3,4,3,0,8,No,43,Demanding,Hybrid,2,10,Non-Travel,No
1377,22,Male,Master's,Mid SE,Backend,0,5,66246,12,1,2,3,4,3,2,0,No,5,Supportive,Hybrid,1,23,Travel_Frequently,No
1378,26,Male,Master's,Junior SE,Backend,19,7,196633,26,2,3,3,2,3,3,6,No,26,Demanding,Hybrid,1,24,Travel_Rarely,No
1379,25,Male,Bachelor's,Mid SE,Mobile,1,6,192326,7,4,4,3,3,3,1,6,No,16,Demanding,Hybrid,3,10,Non-Travel,No
1380,37,Female,Master's,Senior SE,QA,2,1,79512,27,2,2,2,1,3,1,3,No,31,Supportive,Hybrid,0,6,Travel_Frequently,No
1381,45,Male,Bachelor's,Mid SE,Mobile,14,4,102865,28,4,3,3,1,4,1,0,No,28,Neutral,Hybrid,2,13,Non-Travel,No
1382,37,Male,Bachelor's,Tech Lead,Frontend,5,3,199652,19,2,2,1,3,4,3,2,Yes,7,Toxic,On-site,2,21,Non-Travel,No
1383,23,Female,Master's,Junior SE,Mobile,12,8,247031,12,2,1,1,2,3,1,4,No,38,Supportive,Hybrid,3,32,Non-Travel,No
1384,49,Female,PhD,Senior SE,Frontend,0,9,148393,5,2,2,1,4,3,3,1,Yes,9,Neutral,Full Remote,1,15,Travel_Frequently,Yes
1385,53,Female,Bachelor's,Mid SE,Backend,19,0,117144,11,1,1,1,4,3,1,6,No,39,Supportive,Hybrid,2,2,Travel_Rarely,No
1386,48,Male,Master's,Mid SE,QA,18,5,218557,23,2,3,2,2,3,4,6,Yes,35,Neutral,Full Remote,2,15,Non-Travel,No
1387,41,Male,Master's,Tech Lead,Frontend,0,2,226693,6,4,3,4,2,3,4,4,No,43,Supportive,Hybrid,1,17,Travel_Frequently,No
1388,45,Male,Bachelor's,Tech Lead,QA,1,8,162363,18,4,4,4,3,3,0,5,No,27,Supportive,Hybrid,1,20,Non-Travel,No
1389,33,Male,Bachelor's,Senior SE,QA,14,4,95665,22,4,2,3,3,3,1,0,Yes,12,Supportive,Hybrid,2,6,Travel_Frequently,No
1390,56,Female,Bachelor's,Principal SE,Frontend,13,5,246484,19,1,3,3,4,3,6,3,Yes,25,Demanding,On-site,1,15,Non-Travel,No
1391,54,Female,Bachelor's,Senior SE,DevOps,18,8,226675,18,2,4,1,2,4,0,3,No,43,Neutral,On-site,0,17,Travel_Frequently,No
1392,54,Female,Bachelor's,Junior SE,Mobile,10,8,197110,28,2,2,1,2,4,3,7,No,29,Neutral,Full Remote,2,26,Travel_Rarely,No
1393,33,Female,Bachelor's,Senior SE,Frontend,14,7,138542,29,3,3,4,4,3,0,1,Yes,31,Neutral,Hybrid,1,22,Travel_Frequently,Yes
1394,24,Male,Bachelor's,Mid SE,Backend,5,8,146311,23,1,1,4,4,3,1,0,Yes,34,Supportive,On-site,2,9,Travel_Frequently,Yes
1395,22,Female,Master's,Junior SE,QA,19,3,59325,23,4,3,1,4,3,3,6,No,33,Toxic,Full Remote,2,12,Travel_Frequently,No
1396,54,Male,Master's,Junior SE,ML/AI,8,5,211964,26,4,1,3,4,3,6,5,No,27,Demanding,On-site,3,22,Travel_Rarely,Yes
1397,31,Male,Bootcamp,Senior SE,Frontend,4,4,177825,21,2,4,2,4,3,3,4,Yes,2,Neutral,On-site,0,23,Travel_Frequently,No
1398,50,Male,Bachelor's,Senior SE,Mobile,19,4,194068,26,4,4,2,3,3,4,7,No,14,Neutral,Hybrid,0,14,Travel_Rarely,No
1399,34,Male,Master's,Junior SE,QA,1,3,113811,23,2,2,4,4,3,3,1,No,13,Neutral,Hybrid,3,24,Non-Travel,No
1400,33,Male,PhD,Senior SE,DevOps,5,1,221283,20,2,2,4,2,3,3,1,Yes,24,Supportive,On-site,3,8,Travel_Frequently,No
1401,52,Non-binary,Master's,Principal SE,Backend,17,5,161737,24,3,2,4,1,3,0,8,No,5,Supportive,On-site,2,26,Travel_Rarely,Yes
1402,23,Male,Bachelor's,Junior SE,DevOps,18,8,238892,29,1,4,2,3,3,6,0,Yes,34,Neutral,On-site,0,32,Non-Travel,Yes
1403,56,Male,Master's,Junior SE,ML/AI,8,0,45824,23,2,1,2,2,3,5,5,Yes,23,Toxic,Hybrid,3,28,Travel_Rarely,Yes
1404,44,Male,Bachelor's,Tech Lead,Frontend,5,6,189952,5,2,2,1,1,4,3,2,Yes,19,Supportive,On-site,1,32,Travel_Rarely,Yes
1405,38,Female,Bachelor's,Mid SE,QA,13,5,162718,23,2,2,3,3,4,2,4,No,30,Neutral,Hybrid,2,22,Travel_Rarely,No
1406,47,Female,Master's,Senior SE,Frontend,12,2,111617,11,3,4,4,4,3,5,7,No,49,Supportive,Hybrid,0,9,Travel_Rarely,No
1407,29,Female,Master's,Junior SE,Mobile,10,0,56517,27,2,1,1,3,3,4,6,No,43,Supportive,Hybrid,2,3,Non-Travel,No
1408,50,Male,Bachelor's,Mid SE,Frontend,11,3,197755,15,1,3,2,4,4,6,3,Yes,16,Neutral,On-site,2,25,Travel_Rarely,No
1409,47,Female,Bootcamp,Senior SE,Backend,18,8,192948,9,1,2,1,4,3,6,7,Yes,40,Supportive,On-site,1,12,Travel_Frequently,No
1410,31,Male,Master's,Senior SE,ML/AI,18,1,148068,21,4,3,2,4,4,4,1,No,34,Toxic,On-site,1,29,Non-Travel,No
1411,47,Female,Master's,Tech Lead,DevOps,18,2,232426,15,1,3,3,1,3,3,6,Yes,49,Neutral,Hybrid,3,3,Travel_Rarely,Yes
1412,55,Female,Bootcamp,Principal SE,ML/AI,12,1,249874,28,4,2,2,3,4,0,4,No,11,Supportive,Hybrid,1,23,Non-Travel,No
1413,28,Male,Bachelor's,Tech Lead,QA,13,1,160016,12,1,4,1,4,4,5,5,No,14,Neutral,On-site,0,23,Non-Travel,No
1414,25,Male,Bootcamp,Senior SE,Frontend,17,9,54982,14,4,2,3,2,3,4,2,No,48,Demanding,Hybrid,3,18,Travel_Rarely,No
1415,32,Male,Master's,Junior SE,QA,11,7,202670,16,2,1,2,3,3,4,6,Yes,47,Supportive,On-site,0,11,Non-Travel,Yes
1416,50,Male,Bachelor's,Senior SE,DevOps,3,2,190711,14,3,1,4,2,3,2,6,No,15,Neutral,Hybrid,0,26,Travel_Rarely,No
1417,57,Male,Master's,Junior SE,QA,9,6,115210,17,3,2,2,1,3,3,1,Yes,35,Demanding,On-site,3,8,Travel_Rarely,No
1418,46,Female,Master's,Tech Lead,Mobile,16,7,114852,22,3,3,3,1,3,5,0,No,7,Supportive,On-site,1,28,Non-Travel,No
1419,42,Male,Master's,Mid SE,ML/AI,3,2,158618,14,2,1,1,3,3,4,1,No,29,Toxic,Hybrid,2,18,Travel_Rarely,No
1420,57,Male,Bootcamp,Senior SE,DevOps,11,1,54695,23,3,1,3,1,3,6,7,No,44,Supportive,Full Remote,1,13,Travel_Frequently,No
1421,31,Male,Master's,Mid SE,DevOps,12,7,93582,24,1,2,1,1,3,4,2,No,22,Supportive,Hybrid,0,12,Non-Travel,No
1422,30,Male,Master's,Tech Lead,DevOps,3,2,76094,21,4,2,2,3,4,4,3,No,23,Neutral,On-site,0,22,Travel_Rarely,No
1423,45,Female,PhD,Principal SE,Backend,9,6,236707,24,2,4,2,2,3,4,7,Yes,24,Supportive,Hybrid,3,2,Travel_Frequently,No
1424,56,Male,Master's,Mid SE,ML/AI,2,0,67187,20,3,2,3,4,3,0,2,Yes,35,Demanding,On-site,0,28,Travel_Frequently,Yes
1425,56,Female,Bachelor's,Tech Lead,QA,14,5,163013,9,1,2,4,3,3,1,5,No,10,Neutral,Hybrid,3,13,Travel_Rarely,Yes
1426,57,Female,PhD,Mid SE,DevOps,1,8,173721,7,1,1,2,3,3,2,1,No,8,Supportive,On-site,3,33,Non-Travel,No
1427,39,Female,Bachelor's,Senior SE,ML/AI,16,2,151683,19,2,1,4,4,3,6,2,No,48,Toxic,Hybrid,1,3,Non-Travel,Yes
1428,53,Female,Master's,Tech Lead,DevOps,5,6,46214,6,2,1,4,2,4,0,0,No,48,Demanding,Full Remote,0,34,Non-Travel,No
1429,45,Male,PhD,Mid SE,Mobile,7,5,68940,17,3,3,3,4,3,2,8,Yes,12,Neutral,On-site,1,23,Travel_Rarely,Yes
1430,44,Non-binary,Master's,Staff SE,Mobile,2,7,89406,26,4,1,2,4,3,4,3,No,29,Neutral,Hybrid,2,32,Non-Travel,No
1431,53,Male,Master's,Junior SE,Mobile,17,2,219553,12,3,1,4,2,3,2,5,No,29,Supportive,Hybrid,1,20,Travel_Frequently,No
1432,33,Male,Master's,Junior SE,Frontend,0,2,192049,27,3,2,2,2,3,3,6,Yes,23,Demanding,Hybrid,0,28,Travel_Rarely,No
1433,34,Female,Master's,Principal SE,DevOps,15,3,220911,21,2,4,1,4,4,3,1,No,26,Demanding,Full Remote,2,8,Non-Travel,No
1434,44,Non-binary,PhD,Junior SE,Frontend,6,2,233946,8,3,1,4,4,3,1,7,No,37,Supportive,Hybrid,0,3,Non-Travel,No
1435,46,Female,Bachelor's,Staff SE,ML/AI,2,8,103414,23,3,4,3,3,3,1,8,No,32,Neutral,Full Remote,2,30,Travel_Rarely,No
1436,56,Male,Bachelor's,Staff SE,Frontend,3,3,146440,26,4,1,3,2,3,2,1,No,38,Neutral,On-site,0,25,Non-Travel,No
1437,51,Male,Bachelor's,Junior SE,ML/AI,8,5,201610,29,1,1,4,1,4,0,4,No,6,Supportive,Hybrid,1,30,Travel_Rarely,No
1438,38,Female,Master's,Senior SE,ML/AI,4,7,148569,13,1,4,2,2,3,0,1,No,8,Demanding,Hybrid,0,29,Travel_Frequently,No
1439,41,Male,Master's,Junior SE,ML/AI,18,7,232313,27,4,2,1,4,4,4,4,No,17,Supportive,Hybrid,3,30,Travel_Frequently,No
1440,46,Female,Master's,Mid SE,QA,14,4,249573,19,1,1,1,4,3,0,6,No,12,Supportive,On-site,3,34,Travel_Rarely,No
1441,43,Female,Bachelor's,Junior SE,Frontend,7,4,105481,13,3,4,3,4,3,1,5,Yes,22,Supportive,Full Remote,1,25,Travel_Frequently,No
1442,34,Male,Master's,Junior SE,QA,5,5,72740,28,4,1,3,4,3,0,3,Yes,14,Neutral,On-site,1,17,Travel_Rarely,No
1443,40,Male,Bachelor's,Mid SE,DevOps,17,9,108328,25,4,3,2,1,3,4,1,Yes,34,Supportive,Hybrid,2,24,Travel_Rarely,No
1444,57,Male,Bachelor's,Mid SE,Frontend,18,6,248177,13,2,3,3,2,3,3,6,No,19,Demanding,Full Remote,1,28,Travel_Rarely,No
1445,33,Male,Master's,Staff SE,DevOps,14,9,226715,18,1,3,2,1,3,0,8,No,6,Demanding,Hybrid,3,33,Non-Travel,No
1446,40,Female,Bachelor's,Tech Lead,DevOps,6,6,56881,27,2,3,4,1,3,0,0,Yes,18,Supportive,Hybrid,1,7,Non-Travel,No
1447,33,Male,Bachelor's,Senior SE,ML/AI,9,3,81996,25,3,2,1,4,4,1,2,Yes,36,Demanding,On-site,3,23,Travel_Rarely,No
1448,30,Female,Bachelor's,Senior SE,Frontend,5,5,208249,20,4,3,4,1,3,2,6,No,37,Demanding,Hybrid,1,26,Travel_Frequently,No
1449,28,Male,Bachelor's,Tech Lead,DevOps,13,6,167196,28,3,4,3,4,3,3,8,No,38,Supportive,Hybrid,3,14,Travel_Rarely,No
1450,49,Non-binary,Master's,Mid SE,Mobile,16,4,82177,27,1,1,1,4,3,2,4,No,15,Supportive,Full Remote,2,28,Travel_Rarely,No
1451,35,Male,Bachelor's,Senior SE,DevOps,8,4,111126,29,2,4,1,4,3,4,6,No,38,Supportive,Hybrid,0,24,Travel_Rarely,No
1452,52,Male,Master's,Staff SE,Mobile,18,1,101531,21,1,3,4,1,3,4,6,No,40,Supportive,On-site,0,7,Travel_Rarely,No
1453,40,Male,PhD,Mid SE,Frontend,4,6,71119,17,3,2,2,4,3,2,3,No,9,Demanding,Hybrid,3,15,Travel_Rarely,No
1454,37,Female,Master's,Senior SE,QA,6,5,162744,13,2,3,1,1,3,1,4,No,6,Neutral,Full Remote,1,3,Travel_Frequently,No
1455,26,Female,Bootcamp,Tech Lead,Frontend,18,0,161894,19,1,3,2,2,3,5,1,Yes,2,Toxic,Full Remote,1,2,Travel_Rarely,No
1456,56,Female,Master's,Principal SE,QA,19,3,203987,11,3,2,4,4,3,1,7,No,16,Demanding,Hybrid,0,7,Non-Travel,No
1457,33,Male,Master's,Senior SE,QA,6,2,178780,5,1,2,4,3,4,5,0,Yes,1,Supportive,On-site,3,16,Travel_Rarely,No
1458,46,Male,Bootcamp,Mid SE,Frontend,1,2,214821,5,4,2,2,3,3,5,1,Yes,30,Demanding,On-site,1,21,Non-Travel,Yes
1459,42,Male,Bachelor's,Mid SE,DevOps,15,6,89989,9,2,2,4,3,3,1,2,No,48,Supportive,Full Remote,0,9,Travel_Rarely,No
1460,57,Male,Bootcamp,Junior SE,Backend,12,9,67106,28,2,2,1,3,4,5,6,No,33,Supportive,Hybrid,3,12,Travel_Rarely,No
1461,44,Male,Bachelor's,Tech Lead,DevOps,7,3,62131,13,2,2,4,3,3,5,5,No,1,Neutral,Hybrid,2,29,Travel_Rarely,No
1462,37,Non-binary,Bachelor's,Junior SE,DevOps,5,7,91553,16,4,1,4,1,3,5,6,No,39,Supportive,On-site,1,24,Non-Travel,No
1463,35,Non-binary,Bachelor's,Tech Lead,ML/AI,5,8,234216,10,2,3,1,2,3,3,4,No,16,Supportive,Hybrid,1,33,Non-Travel,No
1464,52,Non-binary,Master's,Junior SE,ML/AI,8,2,51553,17,4,3,2,1,4,4,3,Yes,17,Demanding,Hybrid,3,14,Non-Travel,No
1465,26,Female,Master's,Junior SE,DevOps,3,4,62881,12,2,2,4,4,4,5,6,Yes,48,Demanding,Hybrid,0,18,Travel_Rarely,Yes
1466,56,Male,Master's,Mid SE,Mobile,10,3,46379,19,1,4,2,2,4,4,2,No,48,Supportive,Hybrid,3,5,Non-Travel,No
1467,44,Male,Bachelor's,Senior SE,QA,4,9,135791,10,1,2,1,2,3,6,6,No,38,Supportive,Hybrid,0,15,Travel_Rarely,No
1468,50,Male,Bachelor's,Junior SE,ML/AI,16,5,150664,10,1,1,2,2,3,4,1,No,18,Neutral,Full Remote,3,7,Travel_Frequently,No
1469,32,Female,Bachelor's,Mid SE,DevOps,19,9,114306,8,1,4,2,2,3,6,7,No,22,Demanding,Hybrid,2,25,Non-Travel,No
1470,39,Male,Bachelor's,Mid SE,Backend,6,3,195798,15,4,1,3,3,3,3,5,Yes,22,Supportive,Hybrid,1,14,Travel_Frequently,No
1471,33,Male,Bootcamp,Junior SE,Mobile,14,7,185160,25,3,4,3,4,4,4,2,Yes,35,Toxic,Hybrid,0,24,Travel_Frequently,No
1472,30,Male,Bachelor's,Junior SE,Frontend,14,2,210386,22,3,4,4,2,3,2,2,No,31,Demanding,Hybrid,2,15,Travel_Frequently,No
1473,31,Male,PhD,Tech Lead,DevOps,13,4,231113,7,1,2,3,2,3,0,4,No,40,Neutral,Hybrid,3,11,Travel_Frequently,No
1474,38,Female,PhD,Mid SE,DevOps,12,0,149512,7,3,1,3,3,4,3,2,No,27,Toxic,On-site,0,24,Travel_Rarely,No
1475,28,Female,Bachelor's,Junior SE,QA,10,5,61350,16,3,4,3,1,4,0,5,No,36,Toxic,Full Remote,0,11,Travel_Rarely,No
1476,34,Male,Master's,Tech Lead,Mobile,12,4,144599,25,2,1,2,1,3,2,1,No,4,Supportive,On-site,2,17,Travel_Rarely,No
1477,30,Non-binary,Bachelor's,Staff SE,ML/AI,8,7,126397,25,4,2,2,1,3,1,7,Yes,49,Supportive,Full Remote,3,6,Non-Travel,No
1478,48,Female,Bachelor's,Senior SE,ML/AI,9,8,124509,10,1,2,3,4,3,1,8,No,5,Demanding,Full Remote,2,21,Non-Travel,Yes
1479,23,Male,Bachelor's,Mid SE,ML/AI,3,7,62769,25,3,2,1,1,3,5,6,No,25,Toxic,On-site,3,8,Non-Travel,Yes
1480,26,Male,Master's,Principal SE,Frontend,16,7,223321,10,3,2,3,2,3,1,2,No,31,Demanding,On-site,2,15,Non-Travel,No
1481,50,Male,Bachelor's,Staff SE,Mobile,13,2,146584,12,1,3,1,3,3,3,3,No,14,Neutral,Full Remote,2,32,Travel_Rarely,No
1482,40,Male,Master's,Tech Lead,Mobile,17,3,91365,19,2,4,2,3,4,1,1,No,30,Demanding,On-site,2,10,Travel_Frequently,No
1483,29,Non-binary,Master's,Mid SE,ML/AI,10,3,95185,22,1,3,1,1,3,3,8,No,47,Supportive,Hybrid,2,28,Travel_Frequently,No
1484,22,Male,Bachelor's,Senior SE,ML/AI,15,4,178858,24,2,2,2,3,3,3,4,Yes,12,Toxic,Hybrid,3,15,Non-Travel,No
1485,43,Female,Master's,Senior SE,QA,0,8,171525,20,3,4,1,2,3,0,1,Yes,27,Neutral,Full Remote,1,12,Non-Travel,No
1486,38,Male,Master's,Junior SE,Backend,6,8,177692,10,4,4,2,1,3,1,5,No,45,Toxic,Hybrid,2,18,Travel_Rarely,No
1487,28,Male,Bachelor's,Mid SE,Backend,9,9,81303,25,2,1,2,2,3,4,6,No,24,Neutral,Hybrid,3,24,Non-Travel,No
1488,46,Male,Bachelor's,Tech Lead,DevOps,8,0,64589,21,2,2,3,4,4,6,1,Yes,30,Toxic,Hybrid,1,29,Travel_Frequently,No
1489,25,Male,Master's,Senior SE,DevOps,2,7,47882,13,1,3,4,2,4,1,0,Yes,18,Supportive,Hybrid,0,10,Travel_Rarely,No
1490,57,Male,Bachelor's,Mid SE,Mobile,13,0,238320,23,3,1,4,2,3,1,6,No,14,Demanding,Hybrid,0,14,Travel_Rarely,No
1491,27,Female,Master's,Senior SE,Mobile,14,1,225394,22,4,4,2,2,4,1,0,No,19,Toxic,On-site,2,16,Non-Travel,No
1492,52,Male,Bachelor's,Junior SE,Frontend,1,6,174236,29,1,3,3,2,3,5,2,Yes,22,Neutral,Full Remote,0,11,Non-Travel,No
1493,40,Female,Bachelor's,Mid SE,Frontend,13,7,200596,27,1,2,4,4,3,4,3,No,26,Demanding,Full Remote,2,26,Non-Travel,No
1494,48,Male,Bachelor's,Tech Lead,Backend,15,0,54745,9,4,3,4,1,3,4,1,No,7,Supportive,On-site,2,19,Travel_Rarely,No
1495,31,Male,Bachelor's,Junior SE,DevOps,6,2,60861,10,3,3,3,2,4,3,6,No,28,Neutral,Full Remote,1,18,Travel_Frequently,No
1496,47,Male,Master's,Junior SE,Backend,3,6,136707,16,4,3,3,1,3,4,4,Yes,38,Demanding,Hybrid,0,30,Non-Travel,No
1497,40,Female,Bachelor's,Staff SE,Backend,17,8,99261,15,1,1,4,3,3,3,0,No,5,Supportive,Hybrid,2,32,Non-Travel,No
1498,24,Male,Master's,Junior SE,DevOps,4,7,178909,20,1,4,4,2,4,6,7,No,36,Demanding,Hybrid,0,23,Travel_Rarely,No
1499,34,Male,PhD,Mid SE,Frontend,5,7,119135,24,2,3,1,2,3,0,6,Yes,18,Demanding,On-site,1,12,Non-Travel,Yes
1500,49,Male,Master's,Staff SE,QA,6,8,99380,21,4,4,1,3,3,3,3,No,14,Supportive,Hybrid,0,13,Travel_Frequently,No
1501,41,Male,Master's,Senior SE,QA,14,9,131089,24,4,1,2,1,3,1,1,Yes,48,Supportive,Hybrid,1,21,Non-Travel,No
1502,49,Male,Bachelor's,Senior SE,QA,0,2,150025,13,4,2,4,4,3,2,6,No,23,Neutral,Full Remote,1,21,Travel_Frequently,No
1503,29,Male,Bachelor's,Tech Lead,DevOps,3,7,225903,5,1,2,3,2,3,2,1,No,14,Supportive,Full Remote,1,29,Travel_Frequently,Yes
1504,22,Female,Master's,Junior SE,ML/AI,0,0,214327,7,3,3,3,3,3,5,5,Yes,32,Toxic,Hybrid,2,29,Travel_Frequently,No
1505,24,Female,Bachelor's,Senior SE,ML/AI,10,7,205592,25,1,1,4,3,4,1,0,Yes,5,Demanding,Hybrid,3,27,Non-Travel,No
1506,34,Male,Master's,Mid SE,ML/AI,17,6,205613,27,2,2,2,2,3,3,6,No,22,Neutral,On-site,2,29,Non-Travel,No
1507,49,Male,Bachelor's,Tech Lead,Mobile,13,7,241844,13,1,1,3,1,3,1,6,Yes,28,Supportive,On-site,0,15,Travel_Frequently,No
1508,46,Non-binary,Master's,Mid SE,Frontend,10,0,203422,26,1,1,4,1,3,5,3,No,43,Demanding,Full Remote,2,12,Travel_Frequently,No
1509,54,Female,PhD,Senior SE,Frontend,9,5,89397,23,1,3,4,2,4,4,3,No,12,Neutral,Full Remote,2,19,Travel_Rarely,No
1510,27,Male,PhD,Mid SE,Mobile,16,6,122085,17,2,3,2,3,4,3,4,No,18,Supportive,On-site,3,12,Travel_Rarely,No
1511,53,Female,Master's,Mid SE,Backend,3,4,108865,27,4,1,4,2,3,6,1,No,36,Neutral,Full Remote,0,23,Non-Travel,No
1512,42,Male,Master's,Tech Lead,QA,14,4,100956,18,3,1,3,4,3,1,8,No,31,Demanding,On-site,1,5,Travel_Frequently,No
1513,37,Male,Master's,Senior SE,ML/AI,15,6,203525,24,3,3,1,4,4,4,3,Yes,13,Supportive,On-site,1,26,Non-Travel,No
1514,42,Female,Master's,Senior SE,QA,12,2,238417,23,2,1,2,1,4,5,8,Yes,20,Neutral,On-site,0,10,Non-Travel,Yes
1515,32,Male,Bachelor's,Mid SE,ML/AI,8,5,145727,27,4,3,4,4,3,4,2,Yes,45,Toxic,Hybrid,2,22,Non-Travel,No
1516,57,Non-binary,Bachelor's,Senior SE,QA,10,6,188978,11,4,4,2,3,3,3,8,No,36,Supportive,Full Remote,3,23,Travel_Rarely,No
1517,56,Female,Master's,Senior SE,Backend,10,0,59988,8,2,1,4,4,3,5,0,No,7,Demanding,Hybrid,3,11,Non-Travel,No
1518,40,Male,Bootcamp,Tech Lead,QA,5,1,203795,16,1,3,1,2,3,5,6,No,23,Neutral,On-site,0,28,Travel_Rarely,No
1519,41,Male,Bachelor's,Senior SE,QA,0,3,78800,27,4,1,2,3,4,5,3,No,34,Supportive,Full Remote,0,31,Non-Travel,Yes
1520,39,Male,Master's,Principal SE,DevOps,5,7,215179,18,3,3,4,1,3,0,6,No,32,Supportive,On-site,2,8,Non-Travel,No
1521,35,Male,Master's,Tech Lead,QA,12,9,203502,6,2,1,1,1,3,5,5,Yes,21,Supportive,Full Remote,3,28,Travel_Rarely,No
1522,36,Female,Master's,Senior SE,DevOps,4,5,208607,5,3,2,3,4,3,0,3,Yes,6,Supportive,Hybrid,0,16,Non-Travel,No
1523,52,Male,Master's,Senior SE,Frontend,14,0,244548,22,1,2,4,1,3,4,3,No,16,Supportive,On-site,2,31,Non-Travel,Yes
1524,22,Male,Bachelor's,Principal SE,Mobile,17,9,132329,24,2,1,1,2,3,6,7,No,35,Supportive,Full Remote,2,16,Travel_Rarely,No
1525,24,Female,Master's,Senior SE,QA,19,4,97284,12,3,2,1,3,3,0,6,No,47,Supportive,Full Remote,0,5,Travel_Rarely,No
1526,37,Male,Master's,Tech Lead,Frontend,13,6,101232,7,3,1,2,2,3,4,3,No,20,Demanding,Full Remote,3,25,Non-Travel,No
1527,44,Female,Master's,Senior SE,DevOps,14,5,89420,10,1,1,4,2,3,0,5,No,42,Demanding,Full Remote,1,13,Travel_Frequently,No
1528,32,Male,Bachelor's,Senior SE,QA,4,8,82710,26,2,4,3,2,3,4,5,Yes,41,Demanding,Full Remote,2,29,Travel_Frequently,Yes
1529,33,Non-binary,Master's,Junior SE,QA,3,7,248569,17,4,4,4,2,4,4,0,No,11,Neutral,Full Remote,1,27,Travel_Rarely,No
1530,31,Male,Master's,Mid SE,Backend,1,3,137035,13,4,2,1,3,4,6,1,No,32,Toxic,Hybrid,2,17,Non-Travel,No
1531,53,Male,Bachelor's,Staff SE,Frontend,6,4,216570,13,3,4,3,3,3,5,3,Yes,14,Supportive,On-site,3,29,Non-Travel,No
1532,37,Male,Master's,Senior SE,ML/AI,9,6,76283,24,1,4,1,2,4,6,5,No,24,Supportive,On-site,1,34,Travel_Frequently,No
1533,29,Male,Master's,Senior SE,ML/AI,15,7,242241,13,3,1,2,2,3,6,5,No,44,Supportive,Hybrid,0,30,Travel_Rarely,No
1534,33,Female,Master's,Principal SE,Backend,9,4,248430,19,1,3,4,1,3,5,0,No,39,Demanding,Full Remote,2,31,Non-Travel,No
1535,45,Female,Bootcamp,Senior SE,DevOps,17,8,238529,17,4,1,1,1,4,4,7,Yes,43,Demanding,Full Remote,0,22,Travel_Frequently,Yes
1536,49,Female,Master's,Mid SE,ML/AI,16,9,70968,26,3,4,1,3,3,5,1,Yes,31,Neutral,On-site,0,25,Travel_Rarely,No
1537,29,Male,Master's,Tech Lead,ML/AI,12,3,107508,20,3,1,4,1,3,4,4,Yes,17,Neutral,Hybrid,3,4,Travel_Rarely,No
1538,49,Male,Master's,Senior SE,Mobile,0,3,239292,6,1,2,3,3,4,5,3,Yes,25,Demanding,On-site,0,9,Non-Travel,No
1539,57,Male,Bachelor's,Junior SE,Frontend,0,7,158435,18,2,3,1,3,4,2,4,No,9,Supportive,Full Remote,2,26,Non-Travel,Yes
1540,47,Male,Bachelor's,Mid SE,DevOps,14,0,130366,10,1,4,4,4,3,0,4,No,22,Neutral,On-site,0,27,Travel_Frequently,No
1541,29,Female,Master's,Mid SE,QA,0,7,50738,6,2,4,2,3,4,6,7,No,45,Neutral,Hybrid,0,27,Travel_Rarely,No
1542,49,Male,Bachelor's,Mid SE,Frontend,5,4,48098,12,4,1,2,1,3,4,6,No,48,Supportive,On-site,2,18,Non-Travel,No
1543,49,Male,Bachelor's,Mid SE,DevOps,12,0,140424,8,3,1,4,4,3,1,8,Yes,35,Supportive,Hybrid,0,30,Travel_Rarely,No
1544,57,Male,PhD,Mid SE,ML/AI,0,3,249705,25,3,1,1,1,3,5,0,No,37,Demanding,Hybrid,3,31,Travel_Rarely,No
1545,48,Female,Master's,Junior SE,Mobile,4,1,123672,28,1,1,4,3,3,5,5,No,17,Neutral,Hybrid,2,3,Non-Travel,Yes
1546,38,Female,Master's,Mid SE,Frontend,8,3,83244,18,1,4,4,3,3,3,5,No,28,Supportive,On-site,3,29,Travel_Rarely,No
1547,30,Female,PhD,Junior SE,ML/AI,16,7,184325,15,4,1,1,2,3,1,1,Yes,1,Neutral,Hybrid,0,7,Travel_Rarely,No
1548,54,Male,Master's,Senior SE,DevOps,15,4,99333,28,4,4,3,3,3,1,7,No,9,Toxic,Full Remote,1,18,Non-Travel,No
1549,41,Male,Bachelor's,Tech Lead,Frontend,7,0,170349,18,2,1,3,4,3,6,5,No,49,Neutral,Hybrid,3,16,Non-Travel,No
1550,34,Female,Bachelor's,Senior SE,QA,16,6,95969,16,4,3,2,3,3,2,8,No,13,Supportive,Full Remote,3,32,Non-Travel,No
1551,49,Female,Master's,Mid SE,Frontend,14,0,135744,20,4,3,3,2,3,0,4,Yes,47,Neutral,Hybrid,0,25,Travel_Rarely,No
1552,50,Male,Master's,Junior SE,ML/AI,0,8,246495,10,4,1,4,3,4,2,6,No,32,Neutral,On-site,1,32,Travel_Rarely,Yes
1553,34,Female,Bachelor's,Junior SE,Frontend,11,2,162286,24,4,1,1,3,3,0,5,No,28,Supportive,Hybrid,2,19,Non-Travel,No
1554,56,Female,Master's,Senior SE,QA,4,2,220483,5,2,2,2,3,3,4,4,Yes,31,Supportive,Hybrid,1,3,Travel_Rarely,No
1555,27,Female,Bachelor's,Junior SE,Mobile,5,5,120028,16,4,3,3,2,3,6,5,No,8,Neutral,Hybrid,2,29,Non-Travel,No
1556,39,Female,Master's,Senior SE,Mobile,0,9,80421,11,2,4,4,1,4,2,3,Yes,8,Neutral,On-site,0,11,Travel_Rarely,No
1557,26,Male,Master's,Junior SE,ML/AI,0,5,177526,12,1,3,2,3,3,3,2,No,34,Supportive,On-site,1,6,Non-Travel,No
1558,46,Male,Master's,Tech Lead,DevOps,9,5,193594,13,3,4,1,4,3,0,0,No,23,Demanding,Hybrid,0,19,Travel_Rarely,No
1559,23,Male,Bootcamp,Mid SE,ML/AI,9,0,83575,6,1,1,3,2,3,2,0,Yes,10,Toxic,Hybrid,3,27,Travel_Rarely,No
1560,31,Female,Master's,Junior SE,Mobile,2,4,48192,21,4,3,4,4,3,6,5,No,37,Toxic,Hybrid,1,5,Travel_Rarely,No
1561,51,Female,PhD,Tech Lead,Backend,16,5,156116,24,3,3,1,3,3,3,8,Yes,48,Demanding,Hybrid,2,26,Travel_Rarely,Yes
1562,26,Female,Bootcamp,Mid SE,Backend,18,7,231340,17,4,2,4,2,3,6,7,No,25,Neutral,Hybrid,3,19,Non-Travel,No
1563,54,Male,Master's,Junior SE,Frontend,10,0,172874,9,4,2,4,3,4,1,1,No,33,Demanding,Hybrid,2,17,Travel_Frequently,No
1564,22,Female,Master's,Senior SE,QA,17,4,126311,14,1,3,4,4,3,5,8,No,45,Demanding,Hybrid,3,13,Travel_Frequently,No
1565,39,Female,Bachelor's,Senior SE,Frontend,1,2,186474,16,4,3,1,2,4,4,7,No,4,Demanding,Hybrid,2,14,Travel_Rarely,No
1566,53,Female,Master's,Senior SE,Backend,8,1,125781,21,1,3,2,1,4,6,8,No,7,Supportive,Full Remote,2,30,Travel_Frequently,No
1567,32,Female,Master's,Junior SE,Mobile,16,7,81527,25,4,4,4,1,4,4,3,No,33,Supportive,On-site,0,17,Non-Travel,No
1568,42,Female,Bachelor's,Mid SE,Frontend,13,6,97181,10,2,1,2,1,4,6,8,No,2,Toxic,Hybrid,3,15,Non-Travel,Yes
1569,47,Male,Bachelor's,Mid SE,ML/AI,3,9,136472,7,3,2,2,3,4,1,1,Yes,48,Toxic,Hybrid,0,18,Travel_Rarely,No
1570,46,Male,Bootcamp,Junior SE,QA,16,6,203074,19,1,1,3,2,3,6,0,Yes,46,Neutral,On-site,0,14,Travel_Frequently,No
1571,43,Male,PhD,Principal SE,ML/AI,16,4,126219,11,1,2,3,4,3,6,8,No,32,Toxic,Hybrid,0,14,Non-Travel,No
1572,48,Male,PhD,Senior SE,QA,11,8,188532,10,3,2,2,4,3,2,7,No,5,Demanding,Hybrid,0,33,Travel_Rarely,No
1573,34,Female,Bachelor's,Mid SE,Mobile,19,4,164783,8,1,2,3,3,4,5,6,No,46,Neutral,On-site,2,11,Travel_Frequently,No
1574,54,Female,Bachelor's,Senior SE,Frontend,17,1,206554,23,3,3,3,3,3,1,7,Yes,17,Neutral,Full Remote,0,11,Travel_Frequently,No
1575,55,Male,Bachelor's,Junior SE,QA,2,2,192519,9,2,2,2,4,3,3,0,No,12,Neutral,Hybrid,0,26,Non-Travel,No
1576,56,Male,Bachelor's,Principal SE,ML/AI,10,3,224300,7,4,1,1,2,3,5,8,No,12,Neutral,Hybrid,0,3,Non-Travel,No
1577,22,Female,Bachelor's,Junior SE,Frontend,17,4,128265,29,2,2,3,3,4,0,8,No,35,Toxic,Hybrid,2,25,Non-Travel,No
1578,42,Male,Bachelor's,Junior SE,Frontend,3,2,95126,13,4,1,3,2,4,2,8,No,21,Neutral,Full Remote,3,17,Travel_Rarely,No
1579,27,Male,Bootcamp,Mid SE,ML/AI,16,6,65545,10,3,2,1,4,3,5,5,No,21,Demanding,On-site,2,22,Travel_Frequently,No
1580,49,Male,Master's,Senior SE,Backend,17,4,100114,17,2,2,1,2,3,0,3,No,2,Demanding,Full Remote,2,29,Travel_Rarely,Yes
1581,38,Male,Bachelor's,Senior SE,QA,4,4,138740,26,4,3,1,1,3,1,1,No,21,Supportive,On-site,2,26,Travel_Frequently,No
1582,26,Male,Bachelor's,Junior SE,ML/AI,13,5,233873,24,3,1,2,4,3,6,3,No,15,Supportive,On-site,3,34,Travel_Rarely,No
1583,52,Male,Master's,Mid SE,Mobile,9,6,58890,8,4,2,1,1,3,4,6,Yes,11,Demanding,Hybrid,0,26,Travel_Rarely,No
1584,26,Male,Bachelor's,Mid SE,DevOps,14,9,166284,6,1,2,2,4,3,5,0,No,10,Supportive,Hybrid,0,9,Non-Travel,No
1585,24,Female,Bootcamp,Junior SE,ML/AI,0,9,97482,8,1,1,4,1,4,5,8,No,18,Demanding,On-site,3,11,Non-Travel,No
1586,44,Male,Bachelor's,Principal SE,Frontend,15,7,239469,12,3,2,4,2,3,0,2,No,23,Supportive,Full Remote,3,7,Non-Travel,No
1587,31,Female,Bachelor's,Junior SE,Frontend,10,8,177812,17,4,4,1,4,3,0,3,Yes,31,Neutral,Full Remote,1,30,Non-Travel,No
1588,31,Male,Bachelor's,Mid SE,ML/AI,19,3,206193,14,1,3,1,4,4,4,4,Yes,26,Supportive,Full Remote,0,2,Non-Travel,No
1589,40,Male,Bachelor's,Senior SE,DevOps,5,4,187290,22,2,1,4,1,3,0,2,No,2,Supportive,Hybrid,2,30,Non-Travel,No
1590,38,Female,Master's,Mid SE,ML/AI,15,4,116591,13,4,3,2,2,3,0,3,No,39,Supportive,Full Remote,2,4,Travel_Rarely,No
1591,42,Male,Master's,Senior SE,DevOps,1,7,133241,5,4,4,2,4,3,5,4,No,7,Toxic,Hybrid,0,14,Travel_Rarely,Yes
1592,35,Male,Master's,Tech Lead,DevOps,0,8,79722,17,1,4,1,3,4,4,0,No,24,Neutral,Hybrid,3,13,Non-Travel,No
1593,30,Female,Bachelor's,Junior SE,Mobile,8,6,94431,22,1,4,1,1,3,4,8,No,39,Toxic,Full Remote,1,25,Travel_Rarely,No
1594,22,Female,Master's,Principal SE,QA,11,4,227615,19,3,1,1,4,3,6,3,Yes,32,Toxic,Full Remote,2,13,Travel_Rarely,No
1595,34,Male,Master's,Senior SE,Frontend,16,2,87000,6,4,4,4,2,4,5,8,No,26,Toxic,On-site,1,13,Travel_Rarely,No
1596,25,Male,PhD,Mid SE,Frontend,14,0,116975,15,2,1,3,2,4,6,3,No,23,Neutral,Hybrid,2,6,Travel_Rarely,No
1597,22,Female,Bachelor's,Mid SE,DevOps,18,8,75921,18,1,1,1,2,3,1,0,No,14,Demanding,Hybrid,2,26,Travel_Rarely,No
1598,53,Male,Bachelor's,Mid SE,Frontend,9,4,144265,26,4,2,2,2,4,1,4,No,29,Supportive,Full Remote,0,14,Travel_Frequently,No
1599,55,Female,Master's,Senior SE,Backend,11,8,133747,19,1,1,3,1,4,5,8,No,25,Supportive,Hybrid,2,8,Non-Travel,No
1600,49,Female,Master's,Tech Lead,DevOps,13,9,206686,18,3,4,2,4,4,0,2,No,31,Demanding,Full Remote,1,24,Non-Travel,No
1601,52,Non-binary,Master's,Tech Lead,Frontend,8,3,237261,20,4,1,3,1,4,2,4,No,2,Supportive,On-site,1,22,Non-Travel,No
1602,29,Male,Bachelor's,Staff SE,Backend,12,4,62601,27,4,1,4,1,3,1,2,No,2,Toxic,Hybrid,0,21,Travel_Rarely,No
1603,47,Female,Master's,Tech Lead,Mobile,2,3,138332,19,3,3,3,2,3,1,2,No,23,Demanding,On-site,2,26,Non-Travel,No
1604,55,Male,PhD,Senior SE,Frontend,13,1,168254,23,2,4,2,3,3,5,0,Yes,47,Neutral,On-site,1,10,Travel_Rarely,No
1605,24,Male,Master's,Mid SE,Backend,9,0,247615,13,1,1,3,2,3,6,1,No,11,Supportive,Hybrid,3,13,Non-Travel,No
1606,33,Male,Bootcamp,Senior SE,ML/AI,15,7,196586,9,3,2,4,3,4,5,1,Yes,29,Demanding,Hybrid,0,14,Travel_Rarely,No
1607,22,Female,Master's,Junior SE,QA,6,3,243684,9,4,1,2,1,4,2,8,Yes,42,Neutral,On-site,3,9,Travel_Rarely,Yes
1608,26,Male,Bootcamp,Senior SE,ML/AI,3,4,164004,15,3,1,1,2,3,2,6,Yes,35,Demanding,Hybrid,1,7,Non-Travel,Yes
1609,51,Male,PhD,Mid SE,Backend,19,5,192364,24,4,3,3,2,3,4,7,No,49,Neutral,Full Remote,3,31,Travel_Rarely,No
1610,51,Male,Bachelor's,Junior SE,DevOps,10,7,207582,29,3,4,2,1,3,5,1,No,9,Supportive,Hybrid,0,16,Travel_Frequently,No
1611,38,Female,PhD,Junior SE,DevOps,15,7,73000,28,2,4,3,2,3,1,8,No,32,Supportive,Full Remote,3,8,Travel_Rarely,No
1612,44,Female,Bachelor's,Mid SE,Frontend,19,6,175439,8,4,2,4,4,4,6,2,Yes,30,Supportive,On-site,1,15,Non-Travel,Yes
1613,36,Female,Bootcamp,Senior SE,ML/AI,3,3,164277,24,3,2,2,3,3,6,1,Yes,15,Supportive,Hybrid,3,25,Travel_Frequently,No
1614,42,Male,Master's,Mid SE,DevOps,16,5,75383,22,2,2,1,3,3,3,0,No,14,Supportive,On-site,3,15,Non-Travel,No
1615,35,Male,Bachelor's,Senior SE,DevOps,12,3,187857,29,2,1,1,3,3,3,8,Yes,17,Supportive,Hybrid,3,25,Travel_Rarely,No
1616,23,Female,Master's,Mid SE,ML/AI,10,6,85910,7,1,1,3,2,3,0,7,No,22,Demanding,On-site,2,7,Non-Travel,No
1617,32,Male,Bootcamp,Senior SE,Mobile,2,0,215100,8,4,2,4,4,4,1,3,No,30,Neutral,Hybrid,1,26,Travel_Frequently,No
1618,55,Male,Bachelor's,Junior SE,DevOps,8,4,200927,18,1,4,4,2,3,3,6,No,17,Supportive,Hybrid,3,8,Non-Travel,No
1619,55,Female,Master's,Junior SE,QA,5,9,69281,11,2,4,3,3,4,6,2,No,16,Neutral,On-site,1,18,Non-Travel,No
1620,39,Non-binary,Master's,Senior SE,Backend,10,9,158838,12,1,2,2,2,3,1,2,Yes,8,Neutral,On-site,3,21,Travel_Frequently,No
1621,51,Female,Master's,Mid SE,Frontend,15,3,49841,28,1,3,2,3,3,5,3,No,39,Neutral,Hybrid,0,16,Travel_Rarely,No
1622,36,Female,Bachelor's,Junior SE,DevOps,18,6,142204,20,3,4,3,1,3,1,1,No,31,Neutral,Hybrid,0,3,Travel_Rarely,No
1623,48,Non-binary,Bachelor's,Mid SE,QA,4,8,105155,24,1,4,2,3,4,3,3,No,12,Neutral,Hybrid,0,1,Non-Travel,No
1624,55,Male,Bachelor's,Junior SE,QA,13,4,202990,19,2,2,2,1,3,6,2,Yes,33,Supportive,On-site,3,13,Travel_Rarely,No
1625,54,Male,Master's,Senior SE,DevOps,16,3,101313,11,1,4,2,1,3,1,7,No,12,Neutral,Full Remote,1,32,Travel_Frequently,No
1626,45,Non-binary,Master's,Mid SE,Mobile,2,8,156688,21,4,1,3,1,3,2,1,No,25,Supportive,On-site,0,12,Travel_Rarely,No
1627,36,Male,Bootcamp,Senior SE,Backend,3,4,193515,26,3,1,1,3,3,0,8,Yes,38,Neutral,Hybrid,2,31,Travel_Frequently,No
1628,51,Female,Bachelor's,Tech Lead,Frontend,15,8,208322,26,2,4,4,4,3,4,2,No,48,Demanding,Full Remote,0,2,Travel_Frequently,No
1629,38,Female,Master's,Mid SE,DevOps,15,7,177994,26,1,1,1,3,3,6,3,Yes,18,Neutral,On-site,0,8,Travel_Rarely,No
1630,26,Female,Bachelor's,Staff SE,Frontend,3,3,76976,16,4,3,2,2,3,3,2,No,19,Demanding,Full Remote,2,25,Non-Travel,No
1631,50,Female,Bachelor's,Senior SE,ML/AI,18,6,188063,22,2,4,3,2,3,5,2,No,3,Demanding,Hybrid,0,5,Non-Travel,No
1632,25,Female,Master's,Senior SE,QA,16,4,149405,28,1,2,4,4,3,4,7,No,35,Supportive,On-site,3,2,Non-Travel,No
1633,31,Female,Master's,Senior SE,QA,12,9,98744,18,3,1,2,4,3,0,7,No,5,Toxic,On-site,3,3,Travel_Rarely,No
1634,38,Male,Master's,Senior SE,DevOps,0,3,198805,19,1,3,4,4,4,6,5,No,35,Supportive,Hybrid,0,22,Travel_Frequently,No
1635,31,Female,Bootcamp,Mid SE,DevOps,11,4,47473,19,2,3,4,1,3,6,3,No,27,Toxic,On-site,1,33,Travel_Rarely,No
1636,38,Male,Master's,Mid SE,ML/AI,3,4,184180,9,2,1,1,4,4,2,0,No,37,Supportive,Full Remote,1,32,Travel_Frequently,No
1637,41,Male,Bootcamp,Junior SE,Mobile,10,8,73715,20,2,3,2,4,3,2,3,Yes,46,Supportive,On-site,0,17,Travel_Frequently,No
1638,45,Male,PhD,Junior SE,DevOps,4,8,208282,9,4,4,4,4,4,2,7,No,21,Neutral,On-site,2,18,Travel_Frequently,No
1639,26,Male,Master's,Mid SE,QA,1,5,82317,6,1,3,1,3,3,2,5,No,16,Toxic,Hybrid,3,3,Travel_Frequently,Yes
1640,55,Male,PhD,Mid SE,Frontend,16,3,110516,24,1,1,3,2,3,3,1,No,28,Supportive,Full Remote,3,6,Travel_Rarely,No
1641,27,Female,Master's,Mid SE,Backend,7,1,209434,29,1,3,4,2,4,6,2,No,25,Demanding,Hybrid,3,13,Travel_Frequently,No
1642,23,Female,Bachelor's,Junior SE,Frontend,5,2,99604,13,3,1,2,4,4,3,6,No,33,Demanding,Full Remote,0,31,Travel_Rarely,No
1643,34,Female,Master's,Senior SE,Mobile,8,1,49889,26,4,1,3,2,4,1,3,No,17,Supportive,Hybrid,3,17,Travel_Rarely,No
1644,32,Male,Bachelor's,Tech Lead,Backend,12,4,118748,13,4,3,4,3,4,5,3,No,43,Neutral,Hybrid,0,21,Travel_Rarely,No
1645,44,Female,Master's,Principal SE,Frontend,10,5,76971,8,3,1,4,2,3,1,4,No,30,Neutral,Hybrid,0,16,Travel_Rarely,No
1646,37,Female,Master's,Mid SE,Frontend,15,4,95551,19,4,1,2,1,3,5,7,No,41,Supportive,On-site,1,17,Non-Travel,No
1647,52,Female,Bachelor's,Senior SE,ML/AI,15,1,179273,15,3,2,4,3,3,0,6,No,4,Demanding,Full Remote,2,32,Travel_Rarely,No
1648,32,Male,Bachelor's,Tech Lead,Mobile,1,4,153957,5,2,4,2,2,4,1,8,Yes,2,Toxic,Hybrid,2,1,Non-Travel,No
1649,37,Male,Bootcamp,Mid SE,QA,9,8,134882,22,2,1,2,2,3,0,4,Yes,9,Demanding,Full Remote,2,8,Non-Travel,No
1650,29,Male,Master's,Mid SE,ML/AI,11,3,82958,5,4,4,2,3,4,0,0,No,31,Toxic,On-site,3,1,Travel_Rarely,No
1651,25,Male,Bachelor's,Principal SE,Backend,7,9,50681,12,2,2,2,2,3,0,3,Yes,25,Supportive,Hybrid,1,2,Travel_Frequently,No
1652,25,Male,Master's,Mid SE,QA,10,1,146982,29,2,2,4,2,3,2,5,No,37,Supportive,On-site,1,24,Travel_Rarely,No
1653,46,Female,Master's,Mid SE,ML/AI,9,2,91870,20,2,2,3,4,3,4,5,No,36,Demanding,Full Remote,0,27,Non-Travel,No
1654,24,Male,Master's,Junior SE,Mobile,12,2,173396,26,1,2,3,1,3,4,8,Yes,5,Demanding,Full Remote,1,20,Travel_Frequently,No
1655,53,Male,Bootcamp,Junior SE,DevOps,16,8,112203,22,2,4,1,3,4,3,4,No,24,Supportive,Full Remote,0,21,Travel_Frequently,No
1656,24,Male,Master's,Tech Lead,DevOps,6,3,204224,26,1,3,2,4,3,0,4,No,24,Neutral,Full Remote,1,15,Travel_Frequently,No
1657,48,Male,Bachelor's,Senior SE,Backend,2,0,95061,13,3,3,4,2,4,2,5,No,29,Demanding,Full Remote,0,30,Travel_Rarely,No
1658,50,Male,Master's,Mid SE,DevOps,19,0,233691,16,3,4,4,3,4,1,5,Yes,45,Supportive,Hybrid,3,4,Non-Travel,No
1659,53,Male,PhD,Junior SE,ML/AI,12,6,103235,23,3,1,1,3,3,1,2,No,31,Supportive,Hybrid,1,15,Non-Travel,No
1660,40,Male,Bachelor's,Senior SE,Backend,18,6,249812,29,3,4,3,1,4,3,5,No,37,Demanding,On-site,2,23,Travel_Rarely,No
1661,42,Female,Bachelor's,Senior SE,QA,6,1,82890,22,3,1,4,1,3,3,7,Yes,19,Toxic,Hybrid,0,15,Non-Travel,Yes
1662,26,Non-binary,Bachelor's,Junior SE,Mobile,8,8,135073,9,2,1,1,3,3,0,5,No,23,Demanding,Hybrid,1,26,Non-Travel,No
1663,39,Male,Master's,Tech Lead,Backend,18,8,106401,6,2,3,3,1,3,0,4,No,35,Demanding,On-site,1,12,Travel_Frequently,Yes
1664,49,Male,Master's,Junior SE,QA,12,4,56217,11,2,2,4,1,3,1,2,Yes,6,Supportive,Hybrid,0,18,Travel_Rarely,No
1665,43,Female,Master's,Mid SE,Backend,7,2,93351,14,3,3,2,2,3,1,0,No,6,Demanding,Hybrid,1,6,Non-Travel,No
1666,42,Male,Bootcamp,Senior SE,Frontend,17,2,78741,19,3,3,1,1,4,1,4,No,37,Supportive,On-site,2,18,Non-Travel,No
1667,27,Male,Master's,Mid SE,Frontend,1,2,196726,29,1,4,4,1,3,1,5,Yes,30,Toxic,On-site,0,24,Non-Travel,No
1668,22,Female,Bachelor's,Tech Lead,Backend,17,5,237386,11,4,4,1,4,3,4,5,Yes,1,Neutral,Hybrid,0,28,Non-Travel,No
1669,26,Male,Bachelor's,Senior SE,DevOps,17,3,46408,9,2,1,1,2,3,0,5,Yes,8,Neutral,Hybrid,0,15,Travel_Rarely,Yes
1670,33,Female,Bachelor's,Tech Lead,Frontend,10,7,87903,19,4,4,1,2,3,0,2,Yes,28,Demanding,Hybrid,0,19,Non-Travel,No
1671,47,Male,Bachelor's,Junior SE,Mobile,0,4,152042,24,3,1,2,3,4,1,3,No,25,Supportive,On-site,0,5,Travel_Frequently,No
1672,55,Male,Master's,Junior SE,QA,13,0,177290,24,3,1,3,1,4,2,2,Yes,33,Toxic,On-site,2,4,Travel_Frequently,No
1673,35,Male,PhD,Mid SE,ML/AI,15,8,226644,19,3,2,3,4,3,1,1,No,38,Neutral,Hybrid,0,17,Travel_Rarely,Yes
1674,47,Female,Bachelor's,Mid SE,Frontend,10,0,234870,14,4,2,4,4,4,5,7,No,14,Supportive,On-site,2,10,Travel_Rarely,No
1675,48,Male,Master's,Senior SE,Backend,0,5,167189,28,1,3,2,2,3,6,6,No,11,Supportive,Hybrid,2,12,Non-Travel,No
1676,30,Male,Master's,Tech Lead,DevOps,6,0,154268,18,3,2,3,1,3,6,7,Yes,2,Demanding,Hybrid,2,5,Travel_Rarely,No
1677,47,Female,Bachelor's,Senior SE,ML/AI,15,2,75105,14,1,1,4,4,3,3,5,No,30,Demanding,On-site,0,7,Travel_Rarely,No
1678,43,Male,Bachelor's,Principal SE,QA,13,9,114634,21,1,4,4,3,3,5,6,Yes,30,Supportive,Hybrid,2,23,Travel_Rarely,No
1679,51,Male,Master's,Senior SE,QA,14,4,162426,25,2,2,1,1,4,2,0,No,4,Supportive,Full Remote,0,2,Non-Travel,No
1680,38,Female,Bachelor's,Mid SE,Frontend,13,9,241135,18,4,2,2,1,3,3,4,No,13,Toxic,On-site,2,30,Non-Travel,No
1681,47,Male,Bootcamp,Mid SE,QA,10,6,183691,6,3,2,3,1,3,6,3,No,7,Supportive,Hybrid,0,5,Non-Travel,No
1682,57,Female,Bachelor's,Senior SE,QA,15,9,188011,20,1,2,2,4,3,2,2,No,38,Neutral,Hybrid,1,20,Travel_Rarely,No
1683,22,Female,Bachelor's,Junior SE,DevOps,18,7,63226,17,4,1,2,2,3,3,1,No,3,Neutral,On-site,1,26,Travel_Rarely,No
1684,29,Female,Master's,Junior SE,DevOps,16,8,70322,13,4,1,3,2,3,1,8,No,9,Demanding,On-site,2,6,Travel_Rarely,No
1685,56,Male,Bootcamp,Senior SE,DevOps,5,5,162504,11,3,3,3,3,3,1,7,No,14,Neutral,On-site,3,29,Travel_Rarely,No
1686,36,Non-binary,Bachelor's,Tech Lead,Backend,10,8,103215,20,2,4,2,4,4,2,1,No,11,Neutral,Hybrid,3,10,Non-Travel,No
1687,43,Male,Bachelor's,Junior SE,QA,16,7,192950,14,2,3,4,1,4,3,5,No,37,Toxic,Hybrid,1,16,Travel_Frequently,No
1688,35,Female,Bachelor's,Tech Lead,QA,8,8,182632,28,1,3,2,3,3,4,2,No,14,Supportive,Hybrid,2,34,Travel_Rarely,No
1689,47,Male,Bachelor's,Tech Lead,QA,17,9,214350,26,2,2,3,3,4,2,2,No,19,Supportive,Hybrid,2,31,Non-Travel,Yes
1690,49,Male,Bachelor's,Mid SE,Mobile,16,3,212284,13,2,4,2,2,3,2,4,No,8,Supportive,On-site,2,5,Travel_Rarely,No
1691,44,Male,Master's,Junior SE,DevOps,11,8,139835,26,2,2,3,1,3,5,6,No,7,Toxic,On-site,3,33,Travel_Rarely,No
1692,35,Non-binary,Bachelor's,Junior SE,ML/AI,4,6,118079,27,4,1,4,1,3,0,6,No,7,Demanding,Full Remote,1,19,Non-Travel,No
1693,45,Non-binary,Bachelor's,Senior SE,Frontend,10,4,68946,11,3,3,2,4,3,2,0,Yes,3,Supportive,Full Remote,2,32,Travel_Rarely,No
1694,23,Male,Master's,Senior SE,ML/AI,3,4,207812,20,4,4,4,4,4,4,6,Yes,3,Demanding,On-site,1,23,Travel_Frequently,Yes
1695,47,Male,Bachelor's,Principal SE,Backend,3,0,155733,13,4,1,2,4,3,1,6,No,18,Neutral,On-site,1,3,Non-Travel,No
1696,35,Female,Bachelor's,Senior SE,Backend,2,1,52253,28,3,3,2,3,4,3,5,No,45,Toxic,Hybrid,0,1,Travel_Rarely,No
1697,28,Male,Bachelor's,Junior SE,QA,16,9,124311,21,4,4,3,1,3,0,5,No,33,Supportive,Hybrid,3,28,Non-Travel,No
1698,24,Male,Bootcamp,Junior SE,ML/AI,6,2,77813,24,1,3,1,2,3,3,1,No,37,Demanding,Hybrid,1,5,Travel_Frequently,No
1699,44,Female,Bachelor's,Senior SE,QA,3,7,240403,11,1,4,3,3,4,1,2,No,28,Neutral,On-site,0,13,Non-Travel,Yes
1700,39,Male,PhD,Junior SE,Mobile,12,5,203704,15,4,3,2,3,3,2,2,No,36,Supportive,Hybrid,3,11,Non-Travel,No
1701,56,Non-binary,Master's,Mid SE,Backend,11,9,93365,12,2,2,1,2,3,5,2,Yes,16,Demanding,Hybrid,2,22,Travel_Rarely,No
1702,36,Male,Bachelor's,Mid SE,Backend,0,4,112593,11,4,3,1,2,3,4,1,No,15,Supportive,Hybrid,2,23,Non-Travel,No
1703,46,Male,Bootcamp,Junior SE,ML/AI,18,0,209503,23,2,3,4,4,3,0,8,Yes,29,Demanding,Hybrid,0,12,Non-Travel,No
1704,49,Male,Bachelor's,Junior SE,Backend,19,8,213508,24,4,4,2,2,4,4,5,No,18,Demanding,Full Remote,2,21,Non-Travel,No
1705,31,Female,Bachelor's,Mid SE,Mobile,17,2,194485,16,1,4,3,2,3,6,1,Yes,49,Neutral,On-site,0,19,Non-Travel,No
1706,38,Male,Master's,Mid SE,Mobile,10,2,83485,11,2,2,1,2,3,4,2,No,46,Supportive,On-site,0,5,Non-Travel,No
1707,43,Female,Master's,Junior SE,Mobile,19,1,244304,12,1,4,1,2,4,4,5,No,46,Toxic,On-site,2,24,Travel_Frequently,No
1708,47,Male,Master's,Senior SE,Frontend,2,3,156504,11,4,3,3,4,3,4,3,Yes,19,Supportive,On-site,3,30,Travel_Frequently,No
1709,46,Female,Bachelor's,Tech Lead,Mobile,16,1,61101,10,3,4,3,3,3,1,6,No,29,Neutral,Hybrid,0,8,Travel_Rarely,No
1710,38,Male,Master's,Mid SE,Mobile,11,8,53831,29,2,4,1,1,3,4,5,No,6,Demanding,Full Remote,3,2,Travel_Rarely,No
1711,34,Male,Master's,Tech Lead,Frontend,9,9,96897,13,2,4,3,1,3,5,5,Yes,45,Toxic,On-site,3,34,Travel_Rarely,Yes
1712,41,Female,Bachelor's,Mid SE,QA,7,6,50004,17,4,2,4,3,3,4,2,No,47,Neutral,Hybrid,0,23,Non-Travel,No
1713,46,Male,Bachelor's,Mid SE,DevOps,14,7,90924,11,4,2,1,1,3,1,7,No,27,Supportive,Hybrid,3,3,Non-Travel,No
1714,25,Male,Bachelor's,Tech Lead,Backend,4,2,197581,12,2,1,4,1,4,3,8,No,7,Demanding,Hybrid,0,24,Travel_Rarely,No
1715,31,Female,Bachelor's,Senior SE,Mobile,3,5,82170,26,3,2,2,3,3,1,5,Yes,27,Supportive,Hybrid,2,18,Non-Travel,No
1716,24,Male,PhD,Tech Lead,Backend,19,9,88555,21,4,2,4,1,3,6,1,Yes,19,Supportive,Hybrid,2,31,Travel_Rarely,Yes
1717,39,Female,Bachelor's,Junior SE,ML/AI,18,5,190734,21,4,2,3,1,3,6,0,No,17,Toxic,Full Remote,2,14,Travel_Rarely,No
1718,57,Male,Bootcamp,Junior SE,Backend,3,0,163115,20,4,3,1,3,3,5,2,Yes,41,Neutral,Full Remote,2,1,Travel_Rarely,No
1719,43,Female,Bachelor's,Principal SE,QA,14,5,149216,26,3,1,4,1,4,5,2,Yes,11,Supportive,Hybrid,2,14,Travel_Frequently,No
1720,55,Male,Master's,Mid SE,Frontend,16,2,110930,6,2,3,3,2,3,2,7,No,5,Neutral,On-site,3,5,Travel_Rarely,No
1721,29,Male,Bachelor's,Mid SE,Backend,11,2,223475,12,1,2,3,3,3,1,4,No,2,Supportive,Hybrid,3,31,Travel_Frequently,Yes
1722,40,Non-binary,Bachelor's,Senior SE,Backend,2,2,81365,21,4,2,4,4,3,3,0,No,47,Supportive,Full Remote,3,31,Travel_Rarely,No
1723,27,Female,Bachelor's,Tech Lead,Backend,9,9,107188,17,3,1,1,1,3,2,3,No,12,Supportive,Hybrid,1,30,Non-Travel,No
1724,47,Male,Bachelor's,Tech Lead,DevOps,14,9,143633,22,2,1,4,4,3,2,6,No,42,Demanding,On-site,1,1,Travel_Rarely,No
1725,55,Male,Master's,Mid SE,DevOps,9,7,202745,28,2,4,2,1,3,0,4,No,42,Demanding,Hybrid,0,3,Travel_Rarely,Yes
1726,27,Female,Bootcamp,Tech Lead,ML/AI,17,4,108471,26,3,2,4,2,3,4,5,Yes,11,Neutral,Full Remote,1,20,Travel_Rarely,No
1727,54,Male,Master's,Junior SE,Frontend,0,3,193228,14,4,2,4,3,3,2,3,No,10,Supportive,On-site,2,21,Travel_Rarely,No
1728,43,Female,Bachelor's,Junior SE,Backend,2,8,102287,6,1,3,1,4,3,2,1,No,28,Demanding,Full Remote,2,30,Non-Travel,No
1729,42,Female,Bachelor's,Senior SE,Backend,11,8,177717,6,4,4,4,3,3,5,8,No,7,Neutral,Full Remote,2,30,Travel_Frequently,No
1730,27,Male,Bachelor's,Junior SE,Backend,0,0,104076,18,2,2,3,4,3,3,1,No,14,Neutral,Hybrid,0,5,Travel_Frequently,No
1731,27,Male,Master's,Mid SE,Backend,2,1,161475,20,1,3,1,1,4,2,1,No,13,Demanding,Hybrid,0,10,Travel_Rarely,No
1732,25,Female,Master's,Senior SE,DevOps,2,7,95151,11,4,1,3,2,3,6,1,Yes,5,Neutral,On-site,0,24,Non-Travel,Yes
1733,51,Male,Bootcamp,Mid SE,QA,4,4,112384,25,1,3,1,4,4,3,0,Yes,42,Neutral,Full Remote,0,6,Travel_Frequently,No
1734,32,Male,Bachelor's,Junior SE,QA,18,6,144865,25,3,2,2,4,3,4,2,No,8,Toxic,Hybrid,3,10,Travel_Rarely,No
1735,51,Non-binary,Master's,Mid SE,ML/AI,0,0,78541,28,4,3,2,2,4,6,5,No,1,Neutral,Hybrid,0,10,Non-Travel,No
1736,52,Male,Master's,Mid SE,Mobile,3,9,117847,16,2,3,2,2,3,5,6,Yes,5,Neutral,Hybrid,0,25,Travel_Rarely,No
1737,45,Female,Master's,Mid SE,Frontend,3,4,95955,27,2,4,4,2,3,6,0,No,11,Neutral,Full Remote,1,14,Travel_Rarely,No
1738,30,Male,Master's,Tech Lead,QA,16,2,185362,18,1,4,2,2,3,0,4,No,43,Supportive,Full Remote,3,13,Non-Travel,No
1739,24,Male,Master's,Tech Lead,Backend,13,9,235014,29,3,1,1,2,3,0,4,No,48,Demanding,Hybrid,2,11,Travel_Rarely,No
1740,52,Male,Master's,Mid SE,QA,17,1,206215,8,4,4,2,3,3,4,0,No,10,Demanding,Hybrid,1,11,Travel_Rarely,Yes
1741,57,Male,Bachelor's,Tech Lead,ML/AI,0,1,200581,8,3,3,1,1,3,4,3,Yes,15,Supportive,On-site,0,16,Travel_Rarely,No
1742,45,Male,Master's,Junior SE,Mobile,15,8,132780,22,3,4,3,1,3,6,0,No,39,Supportive,Hybrid,2,33,Non-Travel,No
1743,52,Male,Bachelor's,Mid SE,QA,2,3,212813,7,1,2,4,4,3,5,0,No,47,Toxic,Hybrid,2,32,Non-Travel,No
1744,27,Female,Master's,Tech Lead,ML/AI,8,3,202970,5,1,3,3,2,3,5,6,Yes,29,Neutral,Hybrid,2,10,Non-Travel,No
1745,23,Male,Bachelor's,Mid SE,DevOps,3,6,144919,21,4,3,3,3,3,1,6,No,25,Supportive,On-site,1,15,Non-Travel,No
1746,41,Male,Master's,Staff SE,Mobile,4,9,157854,11,2,3,2,3,3,2,2,No,48,Supportive,Hybrid,3,16,Non-Travel,No
1747,49,Male,PhD,Mid SE,ML/AI,10,9,239020,20,4,2,2,4,3,2,6,Yes,6,Neutral,Hybrid,3,27,Travel_Rarely,No
1748,32,Male,PhD,Tech Lead,QA,8,1,106768,9,3,3,2,2,3,2,2,No,11,Supportive,Hybrid,2,32,Non-Travel,No
1749,25,Male,Master's,Mid SE,DevOps,2,2,88262,23,1,4,3,1,3,3,1,Yes,17,Supportive,Hybrid,0,6,Non-Travel,No
1750,36,Male,Master's,Mid SE,ML/AI,5,2,181578,11,3,2,4,2,3,1,3,No,15,Demanding,Hybrid,3,8,Non-Travel,No
1751,27,Male,Master's,Mid SE,ML/AI,10,5,65605,18,1,3,4,3,3,6,2,No,16,Demanding,Full Remote,3,25,Non-Travel,No
1752,51,Male,Master's,Senior SE,QA,8,2,123590,6,2,4,3,2,4,2,6,No,2,Supportive,Full Remote,0,7,Travel_Rarely,Yes
1753,23,Male,PhD,Senior SE,Mobile,14,4,73231,7,3,4,4,1,3,3,0,No,36,Supportive,On-site,1,17,Travel_Rarely,No
1754,36,Female,Bachelor's,Staff SE,DevOps,2,3,124397,21,1,1,3,1,4,3,5,No,19,Neutral,Full Remote,1,30,Non-Travel,No
1755,32,Male,Bootcamp,Mid SE,Backend,0,2,122123,20,4,4,3,4,3,0,1,No,38,Supportive,Hybrid,0,2,Non-Travel,No
1756,29,Male,Bootcamp,Junior SE,Frontend,19,7,58515,12,4,4,4,3,4,3,7,No,21,Neutral,Full Remote,1,17,Travel_Rarely,No
1757,47,Female,Master's,Mid SE,Mobile,18,9,132211,22,4,1,1,2,4,4,4,No,11,Supportive,Full Remote,2,4,Non-Travel,No
1758,26,Male,Bachelor's,Senior SE,DevOps,13,2,214694,19,3,1,1,2,3,5,2,No,41,Supportive,Hybrid,3,26,Travel_Frequently,No
1759,27,Female,Bachelor's,Tech Lead,ML/AI,16,5,61600,11,1,2,2,4,3,3,6,No,3,Neutral,Full Remote,1,14,Travel_Rarely,Yes
1760,47,Male,PhD,Mid SE,DevOps,13,6,203964,13,1,4,4,4,3,4,1,Yes,34,Toxic,Full Remote,2,8,Non-Travel,No
1761,25,Male,Bachelor's,Senior SE,Frontend,16,6,114310,10,1,2,2,4,3,4,4,Yes,18,Supportive,Hybrid,2,5,Travel_Rarely,No
1762,40,Male,PhD,Mid SE,QA,13,1,197873,22,3,2,3,3,4,0,7,No,15,Supportive,Hybrid,2,5,Travel_Rarely,No
1763,41,Male,Master's,Senior SE,Frontend,11,2,213767,22,1,3,1,2,4,6,0,No,25,Supportive,On-site,2,5,Non-Travel,No
1764,54,Female,Bachelor's,Principal SE,Backend,15,9,204925,29,2,2,4,4,4,0,0,No,15,Neutral,Full Remote,2,27,Non-Travel,No
1765,41,Male,PhD,Junior SE,Backend,0,9,180501,28,3,2,4,3,4,3,2,Yes,30,Demanding,On-site,0,5,Travel_Rarely,No
1766,33,Female,Master's,Mid SE,Frontend,12,3,180678,18,2,2,4,2,4,0,2,No,17,Neutral,On-site,3,3,Travel_Frequently,Yes
1767,22,Male,Master's,Staff SE,Mobile,5,6,180550,18,2,2,1,1,3,0,6,Yes,18,Demanding,Full Remote,3,30,Non-Travel,No
1768,47,Male,Master's,Tech Lead,Mobile,16,1,159380,18,4,1,2,4,3,6,5,No,31,Supportive,On-site,0,1,Travel_Rarely,No
1769,35,Female,Bachelor's,Senior SE,ML/AI,11,2,216206,29,3,4,1,3,3,5,6,No,43,Demanding,Full Remote,0,8,Non-Travel,No
1770,32,Male,Master's,Mid SE,Backend,18,6,246035,8,1,3,2,2,3,2,3,Yes,18,Supportive,Hybrid,2,13,Travel_Rarely,No
1771,57,Male,Bachelor's,Mid SE,ML/AI,5,6,156780,8,2,1,3,2,3,3,1,No,35,Supportive,Hybrid,1,20,Travel_Rarely,No
1772,34,Female,Bootcamp,Mid SE,Backend,6,9,246969,19,3,3,3,4,3,6,1,No,13,Supportive,Hybrid,3,6,Travel_Rarely,No
1773,24,Female,PhD,Tech Lead,Frontend,0,2,201547,19,1,3,2,4,3,3,0,Yes,14,Supportive,Hybrid,1,8,Travel_Rarely,No
1774,54,Male,Bachelor's,Senior SE,Mobile,0,0,111177,22,4,1,3,2,3,3,8,No,36,Neutral,Hybrid,3,30,Non-Travel,No
1775,27,Female,Master's,Mid SE,Mobile,4,2,197802,18,3,2,3,3,4,0,6,No,18,Neutral,On-site,2,15,Travel_Rarely,No
1776,31,Non-binary,Master's,Junior SE,Frontend,5,4,197185,5,3,1,4,1,3,5,2,Yes,5,Demanding,Hybrid,1,10,Non-Travel,No
1777,26,Female,Bachelor's,Mid SE,ML/AI,15,6,196083,14,3,3,4,2,3,0,1,No,14,Supportive,Hybrid,3,33,Travel_Rarely,No
1778,44,Male,Bootcamp,Junior SE,ML/AI,15,3,100746,24,1,3,1,3,4,4,2,Yes,25,Neutral,On-site,3,9,Travel_Frequently,No
1779,31,Female,Bachelor's,Junior SE,DevOps,13,0,168075,14,2,2,1,4,3,1,6,No,44,Supportive,On-site,2,33,Travel_Rarely,Yes
1780,23,Male,Bachelor's,Mid SE,Backend,0,5,218925,14,2,1,1,2,3,1,4,No,39,Neutral,On-site,1,9,Non-Travel,Yes
1781,34,Non-binary,Master's,Junior SE,ML/AI,12,1,130195,28,3,4,4,4,3,6,2,No,12,Supportive,On-site,2,14,Travel_Rarely,No
1782,23,Male,Master's,Junior SE,Frontend,19,2,81818,6,3,3,1,1,3,1,8,Yes,40,Supportive,Hybrid,1,32,Travel_Rarely,Yes
1783,41,Male,Master's,Senior SE,ML/AI,9,3,213393,12,1,1,1,4,4,6,1,Yes,28,Neutral,Hybrid,1,6,Travel_Frequently,Yes
1784,22,Female,Master's,Junior SE,Mobile,9,5,66309,5,4,2,4,1,3,2,6,No,35,Demanding,Full Remote,3,5,Non-Travel,No
1785,30,Male,Master's,Junior SE,Backend,8,5,194760,5,3,2,2,4,3,0,5,No,1,Demanding,On-site,0,4,Travel_Rarely,No
1786,38,Non-binary,Master's,Mid SE,QA,12,6,73176,8,3,4,4,4,3,4,5,No,3,Supportive,Full Remote,1,16,Non-Travel,No
1787,30,Non-binary,Bachelor's,Junior SE,DevOps,2,4,113879,11,4,3,2,1,4,4,6,Yes,43,Supportive,Hybrid,1,10,Non-Travel,No
1788,32,Female,Bachelor's,Mid SE,Backend,17,6,112592,13,3,4,4,4,3,1,5,No,7,Supportive,Full Remote,2,31,Non-Travel,No
1789,36,Male,Bachelor's,Junior SE,Mobile,19,1,129728,20,2,4,1,3,4,5,1,No,9,Neutral,Full Remote,1,31,Non-Travel,No
1790,45,Female,Bachelor's,Tech Lead,Mobile,1,0,185488,9,3,4,3,4,3,2,4,No,36,Neutral,Full Remote,1,14,Non-Travel,No
1791,56,Male,Master's,Principal SE,Mobile,16,9,216066,6,2,4,3,2,4,6,2,No,23,Supportive,Hybrid,1,13,Non-Travel,Yes
1792,51,Male,Bachelor's,Senior SE,Mobile,18,7,242494,27,1,2,2,4,4,2,8,No,24,Neutral,Full Remote,1,4,Non-Travel,No
1793,52,Female,Bachelor's,Senior SE,Frontend,12,0,53584,15,1,3,2,3,4,1,7,Yes,10,Neutral,Hybrid,1,26,Travel_Rarely,No
1794,26,Male,Bachelor's,Tech Lead,DevOps,12,1,169555,22,2,4,2,2,3,6,1,No,48,Neutral,On-site,0,24,Travel_Rarely,No
1795,35,Male,Bootcamp,Senior SE,QA,0,9,138302,29,2,3,3,3,4,6,0,Yes,12,Supportive,On-site,3,9,Travel_Frequently,No
1796,32,Non-binary,Bootcamp,Junior SE,Mobile,1,5,167408,29,4,2,2,2,3,1,3,No,19,Neutral,Full Remote,1,15,Travel_Rarely,No
1797,30,Male,Master's,Mid SE,Mobile,0,0,63830,23,2,2,4,4,4,0,3,No,32,Supportive,On-site,2,24,Travel_Frequently,No
1798,55,Male,Bootcamp,Tech Lead,ML/AI,4,9,122066,17,2,1,4,3,3,5,1,No,24,Demanding,On-site,2,31,Travel_Rarely,Yes
1799,33,Female,Master's,Mid SE,DevOps,2,2,48591,28,3,1,3,4,3,2,6,No,22,Demanding,Full Remote,1,19,Non-Travel,No
1800,56,Male,Master's,Junior SE,Backend,6,6,138878,15,4,3,4,2,3,4,2,No,3,Supportive,On-site,1,2,Travel_Rarely,No
1801,56,Female,Bachelor's,Senior SE,DevOps,12,7,170407,24,2,1,2,3,3,1,6,No,40,Supportive,On-site,1,2,Travel_Rarely,No
1802,22,Non-binary,Master's,Tech Lead,DevOps,17,3,161869,23,2,4,3,1,3,0,6,Yes,27,Supportive,Hybrid,0,34,Travel_Rarely,Yes
1803,43,Female,Master's,Junior SE,QA,6,2,66395,21,2,3,2,3,3,4,0,No,19,Neutral,Full Remote,3,19,Travel_Frequently,No
1804,50,Female,Master's,Senior SE,DevOps,0,0,230254,9,3,2,4,4,3,2,5,No,9,Toxic,Hybrid,2,23,Travel_Rarely,No
1805,29,Male,Master's,Junior SE,QA,4,8,61738,17,3,2,2,1,4,1,3,No,49,Supportive,On-site,0,16,Travel_Rarely,No
1806,32,Male,Master's,Senior SE,Mobile,16,9,178703,24,3,4,3,1,3,6,7,Yes,13,Demanding,Hybrid,0,6,Travel_Frequently,No
1807,35,Female,Master's,Mid SE,Mobile,7,5,193977,5,1,1,2,2,3,5,7,Yes,2,Neutral,Hybrid,1,26,Travel_Rarely,No
1808,51,Female,Bootcamp,Mid SE,Frontend,14,5,64056,14,3,3,4,1,4,1,2,No,36,Demanding,Hybrid,3,22,Non-Travel,No
1809,56,Male,Bachelor's,Tech Lead,QA,19,8,166656,12,2,3,1,1,3,5,3,No,29,Demanding,Hybrid,1,24,Travel_Rarely,No
1810,42,Male,Master's,Mid SE,QA,3,0,160316,28,3,4,3,2,3,0,0,Yes,11,Demanding,Hybrid,2,21,Travel_Rarely,No
1811,26,Male,Master's,Senior SE,Backend,1,5,211519,12,3,1,2,3,3,0,1,Yes,34,Neutral,Hybrid,3,30,Travel_Rarely,No
1812,40,Male,Master's,Mid SE,ML/AI,4,4,99418,23,4,3,3,4,3,2,6,Yes,4,Demanding,On-site,1,11,Travel_Frequently,Yes
1813,35,Female,Master's,Mid SE,DevOps,0,5,82190,10,2,4,2,3,3,5,6,No,4,Supportive,On-site,2,9,Non-Travel,No
1814,47,Male,Bachelor's,Senior SE,Backend,4,7,71014,16,3,3,1,1,3,1,8,No,1,Toxic,Hybrid,0,12,Travel_Rarely,No
1815,25,Female,Master's,Junior SE,QA,5,4,249071,11,1,2,4,4,4,0,8,No,25,Neutral,Hybrid,2,26,Travel_Frequently,Yes
1816,46,Female,Bachelor's,Mid SE,Backend,1,1,226350,20,4,3,2,3,3,1,8,Yes,26,Neutral,Hybrid,2,3,Travel_Rarely,Yes
1817,46,Male,Master's,Junior SE,Frontend,0,1,170563,13,3,3,2,4,3,2,5,No,11,Toxic,On-site,2,33,Non-Travel,Yes
1818,39,Female,Master's,Senior SE,ML/AI,3,9,46780,25,4,3,1,1,4,5,7,Yes,23,Demanding,Hybrid,3,15,Non-Travel,No
1819,29,Male,Master's,Staff SE,QA,6,4,235330,29,4,1,3,3,3,1,8,No,2,Demanding,Hybrid,0,5,Travel_Rarely,No
1820,35,Male,Bachelor's,Staff SE,QA,0,2,87192,26,1,1,4,4,3,4,6,No,19,Supportive,On-site,3,24,Non-Travel,Yes
1821,53,Female,Master's,Mid SE,DevOps,0,9,235372,14,1,4,2,4,4,1,3,No,29,Toxic,On-site,0,11,Travel_Frequently,No
1822,54,Female,Bachelor's,Mid SE,ML/AI,7,2,149875,14,1,1,2,3,3,3,3,No,40,Demanding,Full Remote,1,33,Non-Travel,No
1823,44,Female,PhD,Mid SE,Frontend,19,7,144129,14,2,3,4,3,4,3,5,No,4,Neutral,Hybrid,1,23,Travel_Rarely,No
1824,36,Male,Bootcamp,Tech Lead,Mobile,15,6,88923,24,4,3,1,1,3,6,3,No,16,Toxic,Hybrid,2,10,Non-Travel,No
1825,54,Male,Bootcamp,Junior SE,Backend,12,0,134196,20,3,1,3,2,4,2,6,No,47,Supportive,On-site,2,28,Travel_Rarely,No
1826,46,Female,Master's,Staff SE,DevOps,17,4,47395,5,1,1,4,4,3,2,7,Yes,37,Supportive,Full Remote,3,17,Travel_Rarely,Yes
1827,38,Male,Master's,Mid SE,QA,19,8,147449,21,1,3,3,3,3,2,7,No,27,Neutral,Hybrid,0,26,Non-Travel,No
1828,54,Male,Bachelor's,Staff SE,Mobile,9,3,166747,25,4,3,1,3,3,4,7,Yes,5,Supportive,Hybrid,0,25,Travel_Rarely,No
1829,23,Male,Bachelor's,Tech Lead,Frontend,11,0,191851,18,4,2,1,3,4,5,1,No,15,Demanding,Full Remote,0,12,Non-Travel,No
1830,35,Female,Master's,Tech Lead,ML/AI,0,7,116028,23,4,4,4,4,4,4,1,Yes,23,Supportive,Hybrid,2,3,Travel_Rarely,No
1831,27,Male,Master's,Mid SE,Backend,9,4,205794,25,3,1,2,1,3,6,1,Yes,49,Supportive,Hybrid,2,29,Travel_Rarely,Yes
1832,27,Female,Bootcamp,Junior SE,DevOps,8,1,183183,25,2,4,1,2,4,1,1,No,3,Neutral,Hybrid,0,24,Non-Travel,Yes
1833,24,Non-binary,Bachelor's,Mid SE,QA,2,0,186056,21,2,3,1,4,3,0,3,No,18,Neutral,Hybrid,2,19,Non-Travel,No
1834,28,Male,Bootcamp,Mid SE,QA,18,2,138176,18,1,4,4,1,3,5,4,No,43,Supportive,Hybrid,0,13,Travel_Rarely,No
1835,29,Male,Master's,Junior SE,Mobile,8,8,248400,12,2,1,4,4,3,3,3,Yes,26,Supportive,Hybrid,3,16,Non-Travel,No
1836,36,Male,Master's,Mid SE,Mobile,9,0,71924,25,3,1,4,4,4,3,4,Yes,6,Neutral,Hybrid,1,27,Non-Travel,No
1837,50,Female,Bachelor's,Mid SE,Backend,18,3,228775,25,2,4,1,3,4,6,3,No,44,Demanding,Full Remote,0,6,Travel_Rarely,No
1838,54,Male,Bachelor's,Senior SE,ML/AI,15,7,77577,13,3,1,3,1,3,3,6,No,17,Demanding,Full Remote,2,10,Non-Travel,No
1839,51,Male,Master's,Senior SE,Frontend,17,7,183783,12,1,2,1,3,4,6,0,No,46,Supportive,On-site,3,8,Travel_Rarely,No
1840,48,Male,Master's,Junior SE,ML/AI,13,9,130548,17,4,3,4,3,3,1,0,No,38,Neutral,Hybrid,2,18,Travel_Rarely,No
1841,57,Female,Bachelor's,Staff SE,ML/AI,2,7,170093,21,3,3,2,1,3,1,1,No,42,Supportive,On-site,2,32,Non-Travel,No
1842,50,Male,Master's,Junior SE,ML/AI,1,9,180168,23,4,1,2,3,3,2,0,No,48,Neutral,Hybrid,2,17,Non-Travel,No
1843,54,Female,PhD,Mid SE,Backend,0,7,111555,11,1,3,4,3,4,0,2,No,27,Toxic,Full Remote,0,2,Travel_Rarely,No
1844,48,Female,PhD,Mid SE,Backend,17,3,134848,21,3,2,2,2,3,2,5,No,20,Neutral,On-site,3,20,Non-Travel,No
1845,54,Male,Bootcamp,Tech Lead,Frontend,8,7,53254,5,3,1,1,1,3,1,5,Yes,6,Neutral,Full Remote,0,10,Non-Travel,Yes
1846,25,Female,Bachelor's,Junior SE,ML/AI,12,8,170410,9,2,2,3,1,3,4,0,Yes,35,Supportive,On-site,1,9,Travel_Rarely,No
1847,43,Male,Bachelor's,Mid SE,Backend,1,6,182037,29,3,2,1,3,3,2,5,No,12,Toxic,Full Remote,0,25,Travel_Rarely,No
1848,23,Female,Master's,Senior SE,Frontend,6,1,234059,10,1,3,4,3,3,5,4,Yes,48,Neutral,Hybrid,1,25,Non-Travel,No
1849,31,Female,Bachelor's,Junior SE,QA,15,8,148025,6,4,3,1,1,3,1,6,Yes,3,Neutral,Full Remote,3,24,Travel_Rarely,No
1850,26,Female,Bachelor's,Senior SE,Frontend,18,7,175509,29,3,4,2,1,4,1,5,No,48,Neutral,On-site,3,6,Travel_Rarely,No
1851,31,Male,Bachelor's,Principal SE,ML/AI,14,4,77963,20,1,2,1,4,3,4,6,No,4,Supportive,On-site,0,30,Travel_Rarely,Yes
1852,54,Male,Bachelor's,Staff SE,DevOps,10,2,48273,26,1,3,3,1,3,4,1,No,45,Demanding,Full Remote,0,10,Travel_Rarely,Yes
1853,34,Male,Bachelor's,Junior SE,ML/AI,0,6,60330,9,3,2,2,4,4,4,0,No,4,Supportive,Hybrid,2,31,Travel_Frequently,No
1854,52,Male,Bachelor's,Junior SE,DevOps,6,1,197566,9,2,4,3,3,3,0,6,No,4,Demanding,Full Remote,1,18,Non-Travel,No
1855,57,Male,Bachelor's,Mid SE,Frontend,19,2,121422,16,3,2,3,2,4,5,8,No,39,Neutral,On-site,2,33,Non-Travel,No
1856,45,Male,Bachelor's,Mid SE,QA,7,8,167089,7,3,1,3,2,3,1,1,Yes,21,Supportive,Hybrid,2,19,Non-Travel,No
1857,36,Male,Master's,Junior SE,QA,9,3,48212,20,2,4,1,4,3,4,6,No,44,Supportive,Hybrid,3,23,Non-Travel,Yes
1858,50,Male,Master's,Junior SE,Backend,4,3,132594,10,1,4,1,3,3,0,2,No,2,Demanding,Full Remote,0,5,Non-Travel,No
1859,29,Female,Master's,Staff SE,QA,8,2,177152,19,3,2,1,3,4,3,5,No,16,Supportive,On-site,3,26,Non-Travel,No
1860,26,Male,Bachelor's,Principal SE,Mobile,0,4,77675,19,2,2,1,3,4,5,2,No,7,Supportive,Hybrid,0,29,Travel_Rarely,No
1861,50,Male,Bachelor's,Junior SE,Frontend,1,2,67007,20,4,3,2,1,3,6,4,No,19,Supportive,On-site,3,24,Non-Travel,No
1862,25,Male,Master's,Mid SE,Backend,18,8,158805,24,4,1,1,3,3,6,1,No,43,Demanding,On-site,3,6,Travel_Rarely,No
1863,33,Male,Master's,Mid SE,QA,13,2,127641,17,2,4,2,1,3,3,7,No,33,Demanding,Full Remote,3,4,Non-Travel,No
1864,23,Non-binary,Master's,Junior SE,Frontend,19,1,140815,16,1,4,3,4,3,3,7,No,9,Demanding,Hybrid,1,26,Travel_Frequently,No
1865,48,Male,Bachelor's,Senior SE,ML/AI,9,4,91815,14,2,4,2,2,3,1,6,No,37,Neutral,Hybrid,3,15,Travel_Rarely,No
1866,52,Female,Bootcamp,Senior SE,QA,8,5,128482,18,1,3,4,4,3,0,5,No,17,Neutral,Hybrid,1,13,Travel_Rarely,No
1867,57,Non-binary,Bachelor's,Tech Lead,DevOps,9,0,45639,6,4,1,1,3,3,0,0,No,27,Supportive,Full Remote,3,22,Travel_Frequently,No
1868,57,Female,Master's,Senior SE,Frontend,5,5,108593,7,3,4,4,3,3,3,7,No,33,Supportive,On-site,0,13,Travel_Frequently,No
1869,47,Female,Master's,Senior SE,Backend,16,9,123038,13,2,4,2,4,4,5,0,Yes,49,Demanding,On-site,1,17,Travel_Rarely,No
1870,48,Female,Master's,Senior SE,ML/AI,5,2,138899,15,4,3,1,1,3,2,7,Yes,12,Demanding,On-site,0,25,Non-Travel,No
1871,26,Non-binary,Bachelor's,Mid SE,Mobile,3,3,48736,15,3,2,4,1,3,3,1,No,45,Demanding,On-site,0,34,Travel_Rarely,No
1872,41,Female,Bachelor's,Senior SE,ML/AI,19,5,61473,29,4,4,1,1,3,1,7,No,11,Neutral,Hybrid,0,21,Travel_Rarely,No
1873,32,Male,Master's,Mid SE,QA,2,7,173771,26,2,1,2,2,3,3,3,Yes,13,Demanding,Hybrid,1,25,Non-Travel,No
1874,31,Female,Bachelor's,Junior SE,DevOps,18,8,170801,14,2,1,4,2,4,5,6,No,31,Toxic,Full Remote,2,25,Non-Travel,No
1875,27,Male,Bachelor's,Junior SE,ML/AI,17,5,210091,18,3,1,2,3,3,5,4,No,13,Supportive,Hybrid,1,22,Non-Travel,No
1876,29,Female,Bachelor's,Mid SE,Mobile,3,6,152598,13,2,1,4,4,3,3,7,No,38,Supportive,Full Remote,2,23,Non-Travel,No
1877,44,Male,PhD,Principal SE,Backend,7,4,131623,24,4,3,3,4,3,0,5,Yes,26,Neutral,Hybrid,1,25,Non-Travel,No
1878,47,Male,Bachelor's,Junior SE,Frontend,16,8,81820,25,3,4,3,3,4,3,4,No,31,Supportive,On-site,3,14,Travel_Rarely,No
1879,33,Male,Bootcamp,Mid SE,DevOps,4,3,102589,14,3,3,3,1,3,4,0,No,22,Demanding,On-site,2,14,Non-Travel,No
1880,47,Male,Master's,Mid SE,Mobile,12,9,241879,26,4,1,3,2,3,4,2,No,6,Supportive,On-site,3,26,Travel_Rarely,No
1881,34,Male,Bootcamp,Senior SE,QA,0,5,63414,13,1,1,3,4,3,2,8,Yes,20,Neutral,Full Remote,2,30,Travel_Rarely,Yes
1882,39,Male,Bootcamp,Junior SE,QA,12,4,172378,9,3,1,2,3,3,1,8,No,21,Neutral,On-site,1,26,Travel_Rarely,No
1883,46,Male,Master's,Staff SE,QA,3,0,69220,12,1,3,3,1,3,1,4,Yes,10,Neutral,Full Remote,1,22,Travel_Frequently,No
1884,54,Male,Bachelor's,Tech Lead,DevOps,13,4,105531,15,4,1,2,1,3,6,2,No,19,Supportive,Hybrid,2,34,Non-Travel,No
1885,33,Female,Bachelor's,Senior SE,ML/AI,2,4,155002,5,4,4,3,2,4,0,5,Yes,35,Toxic,Hybrid,3,25,Travel_Frequently,No
1886,57,Male,Bachelor's,Senior SE,DevOps,4,8,218497,25,3,1,1,2,4,1,4,No,26,Supportive,Hybrid,0,13,Non-Travel,No
1887,25,Male,Master's,Junior SE,QA,6,0,54387,14,2,4,3,3,3,2,0,Yes,7,Demanding,On-site,2,29,Travel_Frequently,No
1888,26,Female,Bachelor's,Mid SE,Mobile,0,4,121815,5,3,4,1,3,3,4,1,Yes,37,Demanding,Hybrid,2,9,Non-Travel,No
1889,29,Female,Bachelor's,Tech Lead,Frontend,11,6,72584,26,2,1,2,1,3,0,4,No,8,Supportive,Hybrid,3,15,Travel_Rarely,No
1890,49,Male,Bachelor's,Junior SE,Frontend,10,5,89783,11,1,3,3,1,3,5,8,No,5,Toxic,Full Remote,0,31,Non-Travel,No
1891,52,Female,Bootcamp,Mid SE,DevOps,7,5,215881,18,2,2,4,4,3,4,3,No,44,Neutral,On-site,2,27,Travel_Rarely,No
1892,30,Female,Bachelor's,Senior SE,QA,5,6,230399,9,3,2,2,1,3,2,8,No,36,Neutral,Hybrid,0,31,Non-Travel,No
1893,50,Male,Bachelor's,Mid SE,Backend,1,5,169494,21,2,4,3,3,3,0,2,No,28,Neutral,On-site,0,10,Travel_Rarely,Yes
1894,35,Male,Bachelor's,Principal SE,DevOps,18,4,160814,26,4,3,2,2,3,3,0,Yes,3,Neutral,Hybrid,1,7,Travel_Rarely,No
1895,43,Non-binary,PhD,Junior SE,QA,19,9,175752,25,1,2,4,3,3,1,5,No,39,Supportive,Hybrid,3,32,Travel_Frequently,No
1896,32,Female,Master's,Tech Lead,ML/AI,19,4,186929,10,4,1,3,4,3,2,6,No,8,Demanding,Hybrid,2,11,Travel_Rarely,No
1897,44,Male,Bachelor's,Mid SE,Frontend,13,8,218333,20,4,1,4,4,3,0,3,No,15,Neutral,Hybrid,2,28,Travel_Rarely,No
1898,22,Female,Bachelor's,Tech Lead,Frontend,0,7,118588,15,4,4,3,2,4,4,4,Yes,27,Supportive,Hybrid,0,4,Non-Travel,Yes
1899,42,Male,Bachelor's,Mid SE,Frontend,9,9,193067,14,4,3,1,3,3,0,3,No,49,Demanding,On-site,2,31,Travel_Rarely,No
1900,47,Male,Bachelor's,Mid SE,Backend,15,3,58580,19,2,3,2,4,4,3,2,Yes,36,Demanding,On-site,0,29,Non-Travel,Yes
1901,57,Male,Bootcamp,Tech Lead,QA,3,3,63240,11,4,2,4,3,3,2,0,No,16,Neutral,Full Remote,2,33,Travel_Frequently,No
1902,44,Female,Master's,Mid SE,QA,10,9,128446,27,2,2,2,4,4,0,5,Yes,26,Supportive,Full Remote,3,4,Non-Travel,Yes
1903,22,Male,Master's,Mid SE,QA,15,4,149533,6,4,1,4,2,3,5,4,Yes,45,Neutral,Hybrid,2,26,Travel_Rarely,No
1904,36,Female,PhD,Senior SE,QA,19,2,222183,16,3,4,2,4,4,2,0,No,44,Supportive,On-site,0,31,Travel_Rarely,No
1905,42,Male,Bachelor's,Senior SE,Backend,0,7,210938,23,4,3,2,3,3,2,4,No,4,Neutral,Hybrid,0,31,Non-Travel,No
1906,30,Male,Master's,Mid SE,Mobile,15,6,125974,16,3,2,2,3,3,4,5,No,12,Toxic,On-site,2,27,Travel_Rarely,No
1907,30,Male,PhD,Principal SE,DevOps,18,4,118401,20,2,2,1,4,3,6,4,Yes,17,Supportive,On-site,2,25,Non-Travel,No
1908,31,Female,Bachelor's,Mid SE,DevOps,8,9,188283,10,1,4,3,1,3,1,0,Yes,41,Supportive,Hybrid,0,31,Non-Travel,No
1909,47,Male,Master's,Mid SE,QA,8,2,235057,7,2,4,1,2,3,6,4,No,44,Demanding,Full Remote,1,23,Travel_Frequently,No
1910,56,Male,Bachelor's,Tech Lead,ML/AI,8,4,209340,6,1,1,2,2,3,5,0,No,26,Supportive,On-site,1,4,Non-Travel,No
1911,46,Female,Bachelor's,Senior SE,Frontend,16,2,48646,24,1,4,4,4,3,3,2,Yes,31,Supportive,Hybrid,2,28,Travel_Rarely,No
1912,47,Male,Bachelor's,Tech Lead,Backend,11,9,231443,9,4,1,2,4,3,0,1,No,15,Neutral,Hybrid,3,13,Travel_Rarely,No
1913,32,Non-binary,Bachelor's,Staff SE,ML/AI,12,4,87816,15,1,1,3,1,3,6,0,Yes,34,Demanding,Hybrid,2,1,Travel_Rarely,No
1914,23,Male,Master's,Mid SE,ML/AI,7,0,134460,29,2,4,1,2,3,1,3,No,29,Demanding,Hybrid,3,12,Non-Travel,No
1915,28,Female,Bootcamp,Junior SE,QA,15,5,89112,7,4,4,3,1,3,4,1,Yes,9,Demanding,Hybrid,2,26,Travel_Rarely,No
1916,39,Male,Master's,Junior SE,Backend,17,9,96048,7,1,4,4,2,4,1,4,Yes,14,Neutral,Hybrid,0,23,Non-Travel,Yes
1917,48,Female,PhD,Senior SE,DevOps,0,3,230983,26,2,4,3,4,4,2,0,Yes,36,Demanding,Hybrid,2,22,Travel_Rarely,No
1918,55,Male,Master's,Principal SE,Frontend,0,3,177850,9,1,4,1,2,4,2,0,Yes,4,Supportive,On-site,3,28,Travel_Frequently,Yes
1919,48,Male,Bachelor's,Junior SE,DevOps,11,7,90752,26,1,1,4,2,4,3,3,Yes,38,Supportive,Full Remote,3,17,Non-Travel,No
1920,38,Male,Master's,Junior SE,ML/AI,5,1,115726,27,4,2,3,2,3,5,6,No,37,Supportive,Full Remote,2,6,Travel_Rarely,No
1921,45,Male,Bachelor's,Junior SE,Frontend,8,3,203361,15,4,3,1,1,4,0,1,Yes,24,Supportive,Hybrid,2,14,Non-Travel,No
1922,46,Male,Master's,Tech Lead,Mobile,4,1,89788,7,2,3,1,1,3,0,1,Yes,17,Supportive,On-site,1,17,Non-Travel,No
1923,28,Non-binary,Bootcamp,Mid SE,ML/AI,15,0,49747,17,4,1,2,2,3,4,0,Yes,13,Neutral,Full Remote,2,5,Non-Travel,No
1924,27,Male,Bachelor's,Mid SE,DevOps,17,9,45045,25,4,1,3,3,4,3,4,No,20,Neutral,Full Remote,2,13,Non-Travel,No
1925,45,Female,Master's,Mid SE,DevOps,16,2,52758,12,3,2,4,1,3,0,5,No,17,Supportive,Hybrid,0,9,Non-Travel,No
1926,54,Female,Master's,Tech Lead,QA,17,7,170076,24,3,4,2,4,3,5,5,No,27,Demanding,Hybrid,3,26,Non-Travel,No
1927,50,Female,Master's,Senior SE,DevOps,0,5,199509,14,2,1,3,4,3,2,1,No,33,Demanding,Hybrid,1,13,Travel_Rarely,No
1928,43,Male,Bachelor's,Senior SE,Backend,18,6,195657,6,4,3,3,2,3,3,6,Yes,21,Supportive,Full Remote,0,19,Non-Travel,Yes
1929,47,Male,Bachelor's,Junior SE,ML/AI,7,1,185926,8,2,4,4,4,3,1,5,Yes,17,Supportive,Full Remote,2,17,Non-Travel,No
1930,49,Female,Bachelor's,Mid SE,Frontend,2,5,228148,22,3,1,2,1,3,6,7,No,22,Supportive,On-site,3,16,Non-Travel,No
1931,42,Non-binary,Bachelor's,Senior SE,DevOps,4,7,101950,23,3,4,2,3,3,6,5,No,25,Supportive,Hybrid,2,30,Travel_Rarely,No
1932,28,Male,Bachelor's,Staff SE,QA,7,7,193421,8,3,3,4,3,3,3,8,No,3,Demanding,On-site,2,32,Non-Travel,No
1933,38,Male,Master's,Junior SE,QA,18,3,197420,24,2,4,2,3,3,3,1,No,27,Supportive,Hybrid,2,14,Travel_Frequently,No
1934,41,Male,Bachelor's,Junior SE,DevOps,17,5,210368,13,4,1,1,4,3,5,6,No,27,Supportive,Hybrid,2,15,Non-Travel,No
1935,41,Non-binary,PhD,Junior SE,Backend,17,4,64455,20,1,1,4,2,4,5,4,No,46,Supportive,On-site,3,12,Non-Travel,Yes
1936,43,Male,Master's,Mid SE,QA,0,8,230093,10,4,3,3,4,3,0,0,Yes,12,Demanding,Full Remote,0,11,Non-Travel,No
1937,49,Male,Master's,Tech Lead,Frontend,14,7,247995,29,2,2,4,2,4,6,2,Yes,15,Supportive,Hybrid,2,5,Non-Travel,No
1938,28,Female,Bachelor's,Junior SE,ML/AI,17,1,215365,8,3,2,1,3,3,4,3,No,38,Demanding,Full Remote,2,11,Travel_Rarely,No
1939,22,Male,Master's,Mid SE,Mobile,6,6,133552,13,1,4,4,1,3,4,1,Yes,20,Supportive,Hybrid,1,34,Travel_Rarely,No
1940,53,Male,Bootcamp,Mid SE,Backend,15,6,91116,17,2,1,3,4,3,5,6,No,22,Demanding,Full Remote,1,19,Non-Travel,No
1941,34,Female,Bachelor's,Junior SE,QA,15,0,165461,13,3,1,3,1,3,0,0,No,2,Toxic,Full Remote,3,26,Non-Travel,No
1942,51,Female,Bachelor's,Mid SE,ML/AI,14,0,85484,10,2,3,4,3,3,0,2,No,4,Neutral,On-site,2,26,Non-Travel,No
1943,44,Male,Master's,Mid SE,Mobile,5,3,206287,25,1,3,4,2,3,0,8,Yes,45,Demanding,Hybrid,2,17,Travel_Frequently,No
1944,40,Male,Bachelor's,Mid SE,DevOps,8,4,126638,23,3,1,1,1,3,5,1,No,13,Demanding,On-site,2,31,Travel_Frequently,No
1945,53,Male,Bachelor's,Senior SE,DevOps,6,3,179476,18,4,3,1,4,3,4,4,No,32,Demanding,Hybrid,3,19,Travel_Rarely,No
1946,51,Male,Bachelor's,Mid SE,Frontend,13,6,213332,25,2,2,3,1,3,0,3,No,22,Demanding,Hybrid,3,20,Travel_Rarely,No
1947,50,Female,Bachelor's,Junior SE,Mobile,10,2,145647,19,1,2,2,1,4,5,2,Yes,25,Supportive,Full Remote,2,23,Travel_Frequently,No
1948,50,Male,Master's,Staff SE,DevOps,15,6,110642,7,4,4,2,4,3,1,4,Yes,27,Neutral,Hybrid,2,25,Travel_Rarely,Yes
1949,51,Male,Bachelor's,Senior SE,DevOps,5,7,91009,9,1,3,2,2,4,1,5,No,17,Toxic,Hybrid,3,28,Travel_Frequently,No
1950,37,Male,PhD,Tech Lead,QA,15,5,173824,25,2,4,2,4,4,2,0,No,6,Supportive,Full Remote,2,12,Travel_Rarely,No
1951,40,Female,Master's,Junior SE,Frontend,19,5,74605,22,1,3,3,3,3,1,1,No,43,Toxic,On-site,0,1,Non-Travel,No
1952,39,Male,Master's,Junior SE,ML/AI,15,7,155879,18,3,3,2,2,4,3,0,No,16,Neutral,Hybrid,0,2,Travel_Rarely,No
1953,22,Female,Master's,Junior SE,DevOps,11,7,229277,20,1,2,2,1,4,2,2,No,8,Neutral,Hybrid,3,10,Travel_Rarely,No
1954,35,Male,PhD,Junior SE,Backend,16,6,213641,18,2,1,4,4,3,1,7,No,33,Demanding,Hybrid,0,34,Travel_Rarely,Yes
1955,23,Female,Bachelor's,Mid SE,Backend,4,5,165827,13,3,3,2,3,3,3,7,Yes,10,Demanding,On-site,1,32,Non-Travel,No
1956,49,Female,PhD,Principal SE,ML/AI,12,5,50580,19,1,3,4,4,3,1,3,No,34,Neutral,Full Remote,2,25,Travel_Rarely,No
1957,51,Male,Master's,Mid SE,Mobile,7,9,159902,11,1,3,3,2,3,5,5,Yes,19,Supportive,Hybrid,1,10,Non-Travel,No
1958,25,Male,Master's,Mid SE,Frontend,4,5,50400,18,3,1,4,3,3,6,8,Yes,14,Demanding,Hybrid,1,1,Non-Travel,No
1959,22,Male,Master's,Senior SE,QA,11,7,215715,10,4,4,1,1,4,3,6,Yes,3,Toxic,Full Remote,1,32,Travel_Rarely,No
1960,29,Male,Bachelor's,Junior SE,Backend,8,0,141032,25,4,4,4,2,4,0,1,No,41,Neutral,Hybrid,0,12,Travel_Rarely,No
1961,50,Male,Bachelor's,Senior SE,Backend,2,4,172319,19,3,3,2,3,3,5,1,Yes,23,Supportive,Hybrid,2,18,Travel_Rarely,Yes
1962,24,Male,Master's,Senior SE,ML/AI,2,2,151960,24,1,3,4,2,3,6,2,Yes,40,Supportive,Full Remote,2,30,Travel_Frequently,No
1963,53,Male,Bachelor's,Tech Lead,Mobile,0,7,84015,12,4,4,4,1,4,3,7,No,11,Toxic,Full Remote,3,13,Travel_Rarely,No
1964,31,Female,Master's,Staff SE,Mobile,17,5,116713,6,3,4,3,3,3,5,8,Yes,47,Supportive,On-site,1,3,Travel_Rarely,No
1965,31,Male,Bachelor's,Mid SE,ML/AI,11,1,248877,12,2,2,3,4,3,0,2,No,6,Neutral,Full Remote,0,21,Travel_Rarely,No
1966,40,Female,Bachelor's,Mid SE,Backend,8,6,191046,5,1,3,2,4,3,3,8,No,34,Supportive,Hybrid,1,14,Non-Travel,No
1967,55,Male,Bachelor's,Principal SE,Frontend,8,6,190109,21,2,4,1,1,3,3,7,No,1,Supportive,Full Remote,1,10,Travel_Frequently,No
1968,54,Female,Bachelor's,Tech Lead,Backend,17,4,192239,23,1,2,1,3,3,6,4,Yes,35,Supportive,Full Remote,2,2,Non-Travel,No
1969,44,Male,Master's,Mid SE,Mobile,17,7,133754,9,4,1,4,1,3,5,2,Yes,25,Supportive,Full Remote,3,11,Travel_Rarely,No
1970,49,Male,Bachelor's,Staff SE,QA,6,4,88148,26,2,3,1,1,3,1,6,No,29,Demanding,Hybrid,0,1,Non-Travel,No
1971,53,Female,Bootcamp,Junior SE,Backend,3,0,248225,24,2,4,3,2,3,3,8,No,23,Supportive,Full Remote,2,26,Non-Travel,No
1972,28,Male,Master's,Principal SE,Frontend,12,8,197606,20,3,3,2,4,3,1,5,Yes,18,Supportive,Full Remote,1,13,Non-Travel,No
1973,50,Male,Bachelor's,Junior SE,DevOps,16,3,167790,11,4,2,2,1,3,3,2,No,14,Neutral,On-site,2,28,Travel_Rarely,Yes
1974,29,Female,Master's,Senior SE,Backend,1,1,131078,11,4,4,3,2,4,4,4,No,17,Toxic,Hybrid,1,21,Non-Travel,No
1975,22,Male,PhD,Principal SE,ML/AI,13,3,101879,22,1,1,2,1,3,2,6,Yes,2,Demanding,Full Remote,0,10,Non-Travel,Yes
1976,24,Male,Master's,Mid SE,DevOps,2,8,164894,22,3,1,4,1,3,1,7,No,31,Supportive,Hybrid,2,12,Travel_Rarely,Yes
1977,45,Female,Bachelor's,Mid SE,ML/AI,4,1,110839,6,3,2,2,1,3,1,3,Yes,19,Supportive,Full Remote,2,27,Non-Travel,No
1978,44,Female,PhD,Mid SE,ML/AI,13,3,74756,19,1,1,1,4,3,6,1,No,32,Neutral,Hybrid,2,3,Non-Travel,No
1979,29,Female,Master's,Staff SE,ML/AI,2,1,188755,18,2,1,2,3,4,0,1,No,28,Demanding,Hybrid,2,28,Non-Travel,No
1980,24,Male,Bachelor's,Tech Lead,Backend,6,4,225557,22,1,1,2,4,3,4,2,Yes,41,Supportive,Full Remote,2,2,Travel_Rarely,No
1981,54,Female,Bachelor's,Senior SE,Mobile,17,2,187097,13,1,1,3,2,3,0,7,No,8,Supportive,Full Remote,0,28,Travel_Rarely,No
1982,49,Male,Master's,Senior SE,DevOps,12,9,194787,18,1,1,3,3,4,4,0,No,42,Demanding,Hybrid,3,31,Travel_Frequently,No
1983,29,Female,Bachelor's,Tech Lead,Frontend,9,1,246169,9,3,1,1,2,3,4,6,No,41,Neutral,On-site,0,21,Non-Travel,No
1984,55,Non-binary,PhD,Mid SE,Mobile,12,8,137943,15,1,1,3,1,3,5,5,No,40,Neutral,Full Remote,2,7,Non-Travel,No
1985,56,Female,Bachelor's,Mid SE,Backend,15,4,193188,12,1,4,1,3,3,5,1,No,39,Supportive,Full Remote,1,31,Non-Travel,No
1986,53,Female,Bootcamp,Senior SE,ML/AI,8,9,81744,9,1,1,4,2,4,5,8,No,22,Supportive,Hybrid,1,14,Travel_Frequently,Yes
1987,45,Male,Master's,Mid SE,Frontend,1,4,169697,15,4,4,1,1,3,3,4,Yes,24,Supportive,Hybrid,2,9,Travel_Rarely,No
1988,35,Female,Bachelor's,Junior SE,DevOps,4,0,161072,9,2,3,2,2,4,6,1,Yes,38,Supportive,Full Remote,3,23,Travel_Rarely,No
1989,53,Female,Bachelor's,Junior SE,Mobile,16,5,178196,21,2,2,1,2,3,0,2,No,2,Toxic,Hybrid,2,12,Travel_Frequently,Yes
1990,37,Male,Master's,Junior SE,QA,3,6,214123,26,2,1,4,4,3,2,6,No,41,Supportive,Hybrid,0,29,Non-Travel,Yes
1991,25,Female,Master's,Tech Lead,Mobile,16,0,52176,8,2,2,2,1,4,4,6,Yes,41,Neutral,Full Remote,3,22,Non-Travel,No
1992,42,Male,Master's,Mid SE,Frontend,8,8,136310,19,3,1,1,4,3,4,0,No,19,Neutral,Hybrid,3,4,Travel_Rarely,No
1993,35,Female,Bachelor's,Senior SE,Backend,19,7,240890,23,3,4,3,3,4,6,3,No,41,Supportive,Full Remote,0,7,Travel_Rarely,No
1994,52,Female,Bachelor's,Mid SE,DevOps,1,7,194748,26,1,1,3,1,4,1,5,No,2,Demanding,Hybrid,3,8,Travel_Rarely,Yes
1995,39,Female,Bachelor's,Mid SE,Frontend,17,6,90177,6,3,3,3,4,4,3,7,Yes,28,Demanding,On-site,2,9,Travel_Rarely,No
1996,28,Male,Master's,Mid SE,ML/AI,10,4,155623,28,2,2,1,4,3,2,2,No,32,Toxic,Hybrid,2,13,Travel_Rarely,Yes
1997,31,Female,Bachelor's,Tech Lead,DevOps,12,2,45997,21,4,2,1,3,3,5,2,No,19,Supportive,Hybrid,1,20,Travel_Frequently,No
1998,28,Male,Bachelor's,Senior SE,Mobile,7,8,235402,16,1,3,4,2,4,4,7,No,16,Supportive,Hybrid,0,21,Travel_Rarely,Yes
1999,54,Female,Master's,Principal SE,Frontend,0,6,219841,29,1,4,2,2,3,1,7,Yes,30,Supportive,Hybrid,3,19,Non-Travel,No
2000,44,Male,Bootcamp,Senior SE,Mobile,16,9,165179,28,2,4,2,2,3,0,7,No,22,Supportive,On-site,3,2,Travel_Rarely,No
2001,42,Male,Bachelor's,Senior SE,Mobile,11,9,165403,21,2,3,2,3,3,4,0,No,14,Neutral,Hybrid,3,30,Travel_Rarely,No
2002,40,Female,Bachelor's,Senior SE,Mobile,3,7,187303,14,2,2,2,4,3,1,7,No,1,Demanding,Hybrid,2,23,Travel_Rarely,Yes
2003,40,Male,Master's,Staff SE,Backend,12,5,140287,29,3,1,1,1,3,0,7,Yes,45,Supportive,Full Remote,0,13,Non-Travel,No
2004,57,Female,Master's,Tech Lead,Mobile,8,4,164574,22,1,4,1,3,3,3,1,No,2,Toxic,Hybrid,2,33,Non-Travel,No
2005,50,Female,Bachelor's,Junior SE,ML/AI,6,7,249048,23,2,1,4,2,3,5,8,Yes,22,Neutral,Hybrid,3,32,Non-Travel,No
2006,39,Female,Bootcamp,Senior SE,ML/AI,4,2,166509,22,4,2,2,2,3,6,6,Yes,46,Neutral,Full Remote,2,28,Travel_Frequently,Yes
2007,23,Female,PhD,Senior SE,DevOps,4,6,130447,17,1,1,1,1,3,0,7,Yes,33,Supportive,Hybrid,3,24,Non-Travel,No
2008,22,Male,Bachelor's,Senior SE,QA,16,1,154522,18,1,3,1,3,4,4,1,Yes,15,Supportive,Hybrid,3,28,Travel_Rarely,No
2009,26,Male,Bachelor's,Junior SE,Mobile,8,2,232037,28,3,4,1,2,4,2,3,No,41,Demanding,Hybrid,2,30,Travel_Rarely,No
2010,41,Male,Master's,Tech Lead,Mobile,5,1,126144,20,1,4,1,3,3,0,6,Yes,22,Supportive,On-site,3,29,Travel_Frequently,No
2011,32,Male,Master's,Staff SE,Frontend,18,4,237589,22,2,3,2,4,3,2,5,No,40,Demanding,Full Remote,2,34,Travel_Rarely,No
2012,23,Male,Bachelor's,Junior SE,Backend,15,6,137693,22,2,3,2,3,3,2,6,No,39,Neutral,Full Remote,1,22,Travel_Frequently,No
2013,24,Female,Master's,Principal SE,QA,1,9,139315,20,4,4,1,4,3,0,0,No,41,Demanding,On-site,2,25,Travel_Rarely,No
2014,44,Female,Master's,Junior SE,DevOps,9,9,72387,21,1,4,3,1,4,6,7,No,41,Demanding,On-site,1,14,Travel_Frequently,No
2015,33,Male,Bachelor's,Junior SE,QA,15,0,49090,11,1,4,4,4,4,6,6,No,11,Supportive,Hybrid,1,10,Non-Travel,No
2016,41,Female,Master's,Junior SE,Mobile,4,9,165846,16,3,2,2,4,4,3,3,No,4,Neutral,Full Remote,2,10,Travel_Rarely,No
2017,26,Non-binary,Bootcamp,Junior SE,Frontend,14,8,201017,6,2,2,2,1,3,6,0,No,7,Supportive,Hybrid,0,8,Travel_Frequently,No
2018,51,Female,Bachelor's,Tech Lead,Backend,12,0,85239,14,4,2,3,2,3,0,7,No,21,Neutral,Full Remote,0,14,Non-Travel,No
2019,30,Female,Bachelor's,Junior SE,DevOps,12,0,48743,9,2,1,2,1,3,6,6,No,7,Supportive,On-site,2,32,Travel_Frequently,No
2020,55,Male,Bachelor's,Mid SE,QA,12,9,75924,25,1,2,3,3,3,1,7,No,4,Neutral,On-site,2,32,Non-Travel,No
2021,56,Male,PhD,Junior SE,DevOps,14,7,186268,7,1,4,3,1,3,5,0,No,12,Supportive,Full Remote,3,3,Non-Travel,No
2022,43,Male,Bootcamp,Mid SE,Mobile,13,5,175160,23,4,2,1,3,3,2,4,No,27,Toxic,On-site,3,20,Non-Travel,No
2023,45,Male,Bachelor's,Junior SE,DevOps,7,5,136815,17,1,4,2,2,3,5,8,Yes,17,Neutral,Hybrid,2,13,Travel_Rarely,No
2024,38,Female,Master's,Senior SE,Frontend,10,8,150312,16,4,3,4,3,3,4,4,Yes,20,Toxic,On-site,0,23,Non-Travel,Yes
2025,31,Female,Master's,Junior SE,DevOps,17,3,113860,7,4,1,3,1,3,2,2,No,31,Supportive,On-site,3,19,Non-Travel,No
2026,51,Male,Master's,Tech Lead,ML/AI,3,7,217472,10,2,1,4,1,3,4,8,Yes,26,Neutral,Full Remote,3,16,Travel_Frequently,No
2027,44,Male,Bachelor's,Tech Lead,Frontend,9,3,125399,18,4,3,1,2,4,1,8,No,31,Supportive,Full Remote,0,7,Travel_Frequently,No
2028,53,Female,Bachelor's,Junior SE,QA,0,1,93795,8,1,4,2,1,3,1,3,Yes,35,Neutral,Hybrid,2,8,Non-Travel,Yes
2029,38,Male,Bachelor's,Principal SE,Backend,4,7,96553,17,3,1,1,2,3,5,3,No,9,Demanding,On-site,0,25,Travel_Rarely,No
2030,38,Male,Master's,Junior SE,Backend,12,6,148976,23,3,2,1,2,3,1,7,No,5,Toxic,On-site,1,23,Travel_Rarely,Yes
2031,35,Female,Bachelor's,Junior SE,Mobile,0,3,200183,22,1,4,4,1,4,0,6,Yes,48,Supportive,Hybrid,3,10,Non-Travel,No
2032,30,Male,PhD,Junior SE,Mobile,7,8,158566,7,3,1,4,4,3,2,4,No,8,Toxic,Full Remote,3,30,Travel_Rarely,No
2033,23,Male,Bachelor's,Mid SE,ML/AI,2,8,239155,24,3,3,3,3,4,4,5,No,21,Demanding,Full Remote,3,33,Travel_Rarely,No
2034,46,Male,Bachelor's,Mid SE,QA,2,7,164968,10,4,4,2,4,3,6,2,No,16,Toxic,On-site,0,11,Travel_Rarely,No
2035,30,Female,Master's,Tech Lead,Backend,6,0,106600,20,3,1,1,2,4,5,5,No,16,Neutral,Hybrid,0,27,Travel_Rarely,No
2036,43,Female,Master's,Mid SE,Backend,3,6,95022,24,3,3,3,3,3,5,7,Yes,18,Toxic,Hybrid,2,3,Travel_Rarely,No
2037,25,Male,Bachelor's,Senior SE,Backend,2,4,179271,28,3,4,3,4,3,1,8,No,47,Demanding,Hybrid,3,8,Non-Travel,No
2038,47,Male,Bachelor's,Junior SE,Backend,14,6,95897,7,2,2,1,1,3,1,2,Yes,28,Supportive,On-site,1,13,Travel_Rarely,Yes
2039,50,Male,Bootcamp,Tech Lead,DevOps,7,8,83038,16,1,4,1,4,3,4,7,No,18,Supportive,On-site,2,3,Travel_Rarely,No
2040,55,Male,Bachelor's,Junior SE,QA,2,1,168323,23,4,2,3,3,4,2,2,No,14,Supportive,Hybrid,0,20,Travel_Rarely,No
2041,44,Female,Bachelor's,Junior SE,Frontend,6,3,231110,23,3,4,1,3,3,2,1,No,48,Neutral,Full Remote,1,13,Travel_Rarely,No
2042,32,Male,PhD,Junior SE,Frontend,17,3,165278,28,1,3,1,3,3,5,4,No,37,Demanding,Hybrid,2,20,Travel_Rarely,No
2043,27,Female,Bachelor's,Junior SE,ML/AI,10,1,156054,8,3,2,4,3,4,4,3,No,40,Demanding,On-site,0,24,Non-Travel,No
2044,39,Male,Master's,Mid SE,DevOps,10,2,52897,5,2,2,2,4,3,5,4,Yes,16,Demanding,Hybrid,1,9,Travel_Rarely,No
2045,42,Male,Bachelor's,Tech Lead,Backend,16,7,109541,6,2,4,3,1,4,6,5,No,21,Neutral,Hybrid,2,30,Travel_Rarely,No
2046,57,Male,Bachelor's,Junior SE,Backend,5,8,151968,17,3,1,1,1,3,3,2,No,1,Supportive,Full Remote,1,25,Travel_Rarely,No
2047,55,Male,Bachelor's,Senior SE,Mobile,7,5,59892,17,3,2,3,3,4,2,0,Yes,11,Supportive,Hybrid,0,16,Travel_Rarely,No
2048,38,Male,Bachelor's,Senior SE,Mobile,0,9,184343,6,3,4,2,1,3,4,3,No,11,Demanding,Full Remote,2,8,Non-Travel,No
2049,46,Male,Bachelor's,Principal SE,ML/AI,9,1,69815,23,2,3,3,4,3,6,5,No,2,Supportive,Hybrid,0,28,Travel_Rarely,No
2050,33,Male,Bachelor's,Junior SE,Backend,18,1,90612,26,2,4,3,1,3,4,1,Yes,32,Supportive,Hybrid,3,12,Non-Travel,No
2051,44,Female,Master's,Mid SE,ML/AI,2,6,209429,28,1,4,3,2,3,5,1,No,19,Neutral,Hybrid,3,24,Non-Travel,No
2052,43,Male,Bachelor's,Principal SE,DevOps,3,7,61267,20,4,2,4,1,3,1,0,No,5,Supportive,Full Remote,1,29,Travel_Rarely,No
2053,42,Female,Bachelor's,Senior SE,Frontend,10,7,63268,16,4,1,2,3,3,4,8,Yes,3,Supportive,Full Remote,3,15,Non-Travel,No
2054,48,Non-binary,PhD,Mid SE,Backend,14,5,159463,5,2,3,2,1,4,5,2,No,28,Supportive,Hybrid,0,18,Non-Travel,Yes
2055,52,Male,Master's,Junior SE,QA,0,9,190335,13,4,2,3,1,4,0,1,No,26,Toxic,Hybrid,1,7,Non-Travel,No
2056,27,Male,Bachelor's,Mid SE,DevOps,8,7,247007,21,3,2,3,1,4,1,3,No,23,Supportive,Hybrid,2,13,Travel_Rarely,No
2057,48,Male,Bootcamp,Senior SE,Backend,10,0,140347,14,1,2,2,1,4,1,5,No,30,Demanding,On-site,0,19,Non-Travel,No
2058,55,Male,Bachelor's,Senior SE,QA,18,8,235732,22,2,3,1,2,4,2,0,No,8,Supportive,Full Remote,2,5,Travel_Rarely,No
2059,33,Male,Bachelor's,Junior SE,Mobile,12,0,241599,23,2,1,4,4,4,3,8,No,36,Demanding,Hybrid,2,26,Travel_Rarely,No
2060,28,Female,Master's,Senior SE,ML/AI,15,2,239451,11,4,3,2,3,4,2,8,Yes,29,Neutral,Hybrid,2,2,Travel_Rarely,No
2061,31,Female,Master's,Senior SE,Mobile,3,8,139542,29,3,3,3,3,3,0,7,No,13,Demanding,On-site,2,33,Non-Travel,No
2062,38,Male,Bachelor's,Mid SE,Frontend,0,4,217343,23,1,1,1,1,4,5,5,Yes,25,Demanding,Hybrid,0,25,Travel_Rarely,Yes
2063,47,Female,Bachelor's,Senior SE,Mobile,19,8,111612,28,4,3,1,4,4,1,3,No,22,Neutral,Hybrid,3,25,Non-Travel,No
2064,42,Male,Master's,Tech Lead,Backend,12,8,183307,19,2,4,1,1,4,1,1,No,46,Toxic,Hybrid,0,30,Non-Travel,No
2065,49,Female,Bachelor's,Mid SE,QA,0,5,133757,13,2,3,4,2,3,6,7,Yes,33,Neutral,Hybrid,3,4,Non-Travel,No
2066,23,Female,PhD,Principal SE,Mobile,4,0,192489,14,4,2,4,4,3,4,6,No,37,Demanding,On-site,2,19,Non-Travel,Yes
2067,22,Male,Bachelor's,Junior SE,Backend,4,9,143075,27,3,3,2,4,4,3,3,No,7,Neutral,Full Remote,3,27,Travel_Frequently,No
2068,57,Male,PhD,Junior SE,Frontend,13,6,79609,24,1,2,2,4,4,3,2,Yes,23,Toxic,On-site,2,24,Travel_Rarely,No
2069,47,Male,Master's,Mid SE,QA,13,5,147785,24,1,3,2,4,3,4,5,Yes,6,Demanding,Hybrid,1,25,Non-Travel,Yes
2070,50,Non-binary,Master's,Junior SE,Mobile,7,8,209974,8,1,2,2,1,3,0,0,No,15,Supportive,On-site,2,29,Travel_Frequently,No
2071,42,Male,Master's,Junior SE,ML/AI,3,6,68645,10,1,2,3,2,3,3,1,Yes,15,Neutral,Hybrid,3,31,Non-Travel,No
2072,32,Non-binary,Master's,Junior SE,ML/AI,6,3,238945,8,3,2,4,4,3,1,6,No,40,Demanding,On-site,1,28,Travel_Rarely,Yes
2073,32,Male,Bachelor's,Tech Lead,QA,19,6,240630,9,2,1,1,3,3,0,2,No,34,Demanding,Hybrid,1,4,Travel_Frequently,No
2074,57,Male,Bachelor's,Junior SE,ML/AI,18,1,107233,13,2,3,3,3,3,2,0,No,14,Toxic,Full Remote,2,28,Travel_Frequently,No
2075,56,Male,Bachelor's,Senior SE,Mobile,14,5,156443,16,1,3,2,2,4,2,1,Yes,29,Supportive,Full Remote,0,31,Non-Travel,No
2076,55,Male,PhD,Junior SE,Mobile,3,5,199473,27,1,4,2,3,3,0,8,No,16,Neutral,On-site,3,23,Travel_Rarely,No
2077,45,Female,Master's,Staff SE,QA,18,1,52771,12,1,4,3,1,3,1,6,Yes,29,Neutral,Hybrid,1,14,Non-Travel,No
2078,43,Male,Bachelor's,Senior SE,Mobile,8,3,217407,25,4,4,1,1,4,6,6,No,23,Supportive,Hybrid,0,28,Non-Travel,No
2079,26,Male,Bachelor's,Junior SE,Backend,12,7,243521,9,4,3,4,2,3,2,7,No,10,Neutral,Full Remote,2,14,Travel_Rarely,No
2080,54,Male,Bachelor's,Tech Lead,Frontend,13,7,147601,15,2,1,4,4,3,5,7,No,47,Neutral,On-site,2,1,Travel_Rarely,No
2081,57,Male,Master's,Mid SE,ML/AI,13,7,178014,27,2,2,1,3,3,1,8,No,4,Supportive,Full Remote,2,32,Non-Travel,No
2082,41,Male,Master's,Tech Lead,Backend,9,7,196460,15,1,3,4,3,3,4,1,No,12,Supportive,Full Remote,2,18,Non-Travel,No
2083,40,Male,Master's,Mid SE,QA,15,0,170224,17,4,1,2,2,4,3,7,No,42,Supportive,On-site,3,5,Non-Travel,No
2084,56,Female,Bootcamp,Senior SE,ML/AI,4,1,128251,18,3,1,2,2,4,6,7,Yes,34,Demanding,On-site,1,15,Non-Travel,Yes
2085,38,Male,Bachelor's,Tech Lead,Backend,5,3,102042,12,4,3,2,3,3,6,4,No,4,Neutral,Full Remote,3,16,Non-Travel,No
2086,55,Male,Master's,Mid SE,Mobile,1,8,98740,29,2,2,2,4,3,0,4,Yes,20,Supportive,On-site,1,30,Travel_Frequently,No
2087,30,Male,Bachelor's,Junior SE,QA,12,2,241945,22,4,1,1,2,3,3,3,No,28,Neutral,Full Remote,0,23,Non-Travel,No
2088,47,Male,Bachelor's,Tech Lead,QA,12,5,92024,23,2,3,4,1,4,4,4,No,28,Supportive,Full Remote,0,11,Non-Travel,No
2089,23,Non-binary,Bachelor's,Mid SE,ML/AI,18,6,199522,16,1,2,4,3,4,2,1,No,6,Toxic,On-site,1,25,Travel_Rarely,Yes
2090,30,Male,Bachelor's,Mid SE,Mobile,17,7,101965,16,3,4,3,2,3,6,1,No,14,Supportive,On-site,2,2,Travel_Rarely,No
2091,30,Male,PhD,Junior SE,ML/AI,18,6,55057,22,1,1,1,2,3,5,4,Yes,35,Demanding,Hybrid,0,24,Travel_Rarely,No
2092,38,Female,Bachelor's,Mid SE,DevOps,0,2,53983,14,1,1,4,2,4,1,2,No,47,Neutral,Full Remote,3,13,Travel_Rarely,No
2093,22,Male,Master's,Staff SE,Backend,7,5,175469,11,3,3,4,3,4,6,0,Yes,1,Demanding,Full Remote,1,30,Non-Travel,No
2094,46,Male,Bootcamp,Mid SE,DevOps,15,4,64995,22,3,3,3,1,3,6,8,Yes,19,Supportive,On-site,0,11,Travel_Rarely,No
2095,46,Non-binary,Master's,Mid SE,Backend,1,9,159587,16,3,2,2,1,4,1,1,Yes,1,Supportive,On-site,1,23,Travel_Rarely,No
2096,56,Female,Bachelor's,Senior SE,Frontend,7,3,83886,18,2,4,4,3,3,4,1,No,13,Demanding,Hybrid,2,28,Travel_Rarely,No
2097,24,Non-binary,Master's,Tech Lead,QA,5,0,134025,19,1,4,2,2,3,0,3,No,8,Supportive,On-site,1,29,Travel_Frequently,No
2098,51,Male,Bachelor's,Mid SE,ML/AI,15,6,140149,20,2,3,3,3,3,6,1,No,18,Demanding,Full Remote,0,15,Travel_Frequently,No
2099,55,Male,Master's,Mid SE,Frontend,10,7,139020,6,3,3,4,3,3,6,6,Yes,35,Supportive,Hybrid,1,3,Travel_Frequently,Yes
2100,33,Male,Master's,Principal SE,Frontend,16,1,47673,22,2,2,2,2,3,3,0,No,23,Demanding,Full Remote,0,9,Non-Travel,Yes
2101,40,Male,Master's,Senior SE,QA,18,6,210962,16,3,3,1,3,3,5,1,No,26,Toxic,Hybrid,0,8,Travel_Rarely,No
2102,38,Female,Bachelor's,Junior SE,QA,10,5,122513,20,4,2,2,4,3,2,4,No,41,Toxic,Hybrid,0,33,Travel_Frequently,No
2103,31,Male,Master's,Junior SE,Backend,7,4,68466,17,3,2,2,1,3,0,1,Yes,38,Neutral,On-site,3,34,Travel_Rarely,Yes
2104,33,Female,Bachelor's,Mid SE,DevOps,3,3,137545,24,1,4,2,4,3,5,8,No,20,Neutral,Hybrid,2,9,Non-Travel,No
2105,37,Female,Bachelor's,Junior SE,Mobile,10,1,95406,21,1,2,2,4,3,5,3,No,2,Toxic,Hybrid,2,17,Travel_Rarely,No
2106,45,Male,Bachelor's,Mid SE,Backend,7,9,179760,22,1,4,1,4,4,4,8,Yes,26,Demanding,On-site,1,1,Non-Travel,No
2107,40,Male,Bachelor's,Principal SE,Mobile,8,5,114284,7,2,4,3,3,3,4,0,No,36,Supportive,Hybrid,1,5,Travel_Rarely,No
2108,29,Female,Bachelor's,Junior SE,Frontend,1,4,159579,27,1,4,2,2,3,1,0,Yes,25,Neutral,Full Remote,0,30,Travel_Frequently,Yes
2109,52,Male,PhD,Senior SE,Mobile,15,1,58665,14,3,3,2,3,4,2,0,No,30,Supportive,Hybrid,2,11,Travel_Rarely,No
2110,42,Female,Bootcamp,Mid SE,DevOps,5,9,65641,5,4,4,4,1,3,0,3,Yes,18,Toxic,On-site,1,28,Travel_Rarely,Yes
2111,38,Male,Bachelor's,Tech Lead,Backend,18,6,208572,10,1,2,4,3,3,1,8,Yes,7,Supportive,Hybrid,1,17,Non-Travel,Yes
2112,44,Male,Bachelor's,Senior SE,QA,7,5,80797,7,2,3,1,3,3,6,7,No,27,Neutral,Full Remote,2,23,Travel_Frequently,No
2113,37,Female,Bachelor's,Junior SE,DevOps,13,8,90950,23,4,2,1,3,4,2,6,No,11,Demanding,Hybrid,0,18,Travel_Rarely,No
2114,27,Non-binary,Bachelor's,Mid SE,DevOps,15,9,201118,8,1,3,1,3,4,3,0,No,37,Toxic,On-site,1,27,Travel_Rarely,No
2115,29,Male,Bachelor's,Junior SE,Backend,11,4,174554,24,1,2,4,4,3,3,2,No,8,Demanding,Full Remote,0,25,Travel_Rarely,No
2116,46,Female,Bootcamp,Tech Lead,QA,4,8,147339,27,4,1,2,2,3,1,8,No,11,Supportive,Hybrid,2,5,Non-Travel,No
2117,39,Male,Bachelor's,Principal SE,DevOps,18,8,158431,7,1,1,4,1,3,0,8,No,24,Neutral,Hybrid,2,19,Travel_Rarely,Yes
2118,46,Female,Bachelor's,Mid SE,QA,17,0,185710,12,2,1,3,1,4,2,4,No,30,Toxic,Full Remote,1,27,Travel_Rarely,No
2119,33,Female,Bachelor's,Mid SE,ML/AI,8,4,66173,12,3,2,1,1,3,3,5,No,30,Demanding,Hybrid,1,13,Travel_Frequently,No
2120,36,Male,PhD,Mid SE,ML/AI,1,8,189294,11,3,3,1,3,4,3,5,No,15,Demanding,On-site,2,7,Non-Travel,No
2121,47,Male,Master's,Senior SE,ML/AI,19,6,226136,6,4,4,1,1,3,0,3,No,35,Demanding,Full Remote,0,26,Non-Travel,No
2122,47,Female,Bootcamp,Mid SE,Mobile,11,5,213082,25,3,4,3,4,3,1,0,Yes,39,Supportive,On-site,0,14,Travel_Rarely,No
2123,53,Male,Master's,Mid SE,DevOps,1,5,63095,10,1,2,2,2,4,4,4,No,24,Demanding,On-site,3,27,Travel_Rarely,No
2124,31,Female,Bachelor's,Mid SE,Backend,9,6,168554,20,1,2,2,3,4,6,0,Yes,8,Supportive,Hybrid,2,8,Non-Travel,No
2125,37,Male,Bachelor's,Junior SE,Backend,0,0,177511,14,2,2,2,3,3,5,0,No,43,Neutral,Full Remote,1,31,Travel_Frequently,No
2126,28,Female,Master's,Senior SE,Mobile,3,3,170614,8,3,2,1,4,3,6,4,No,42,Demanding,On-site,2,27,Non-Travel,No
2127,38,Female,Bachelor's,Junior SE,Backend,11,0,181447,17,4,4,2,1,3,2,4,No,20,Supportive,On-site,1,4,Non-Travel,Yes
2128,44,Female,Master's,Senior SE,ML/AI,8,5,134023,14,1,3,4,3,3,3,6,Yes,41,Neutral,Full Remote,0,4,Non-Travel,No
2129,47,Male,Bachelor's,Junior SE,DevOps,3,3,152181,25,4,4,1,3,3,5,1,No,47,Supportive,Full Remote,1,18,Travel_Frequently,No
2130,42,Female,Bachelor's,Junior SE,Backend,8,0,65600,18,1,2,3,4,3,5,5,Yes,26,Supportive,Hybrid,3,23,Non-Travel,Yes
2131,43,Female,Master's,Senior SE,Backend,5,8,47466,13,1,1,3,4,3,4,1,No,24,Demanding,Hybrid,0,32,Travel_Rarely,No
2132,28,Male,Master's,Staff SE,Frontend,0,3,221169,15,2,4,2,1,3,5,4,No,22,Demanding,Hybrid,3,12,Travel_Rarely,No
2133,35,Male,Master's,Tech Lead,Frontend,9,5,154934,27,3,1,1,2,3,0,3,Yes,5,Supportive,On-site,2,20,Travel_Rarely,No
2134,36,Male,Bachelor's,Junior SE,Frontend,13,6,98276,22,2,1,4,2,3,1,4,No,15,Neutral,Hybrid,1,12,Non-Travel,Yes
2135,28,Female,Master's,Junior SE,DevOps,17,7,226189,15,3,2,4,1,3,2,1,Yes,36,Neutral,On-site,0,8,Travel_Rarely,No
2136,30,Male,Bachelor's,Tech Lead,ML/AI,5,8,223043,21,4,4,1,2,4,0,7,No,37,Supportive,Hybrid,1,22,Non-Travel,No
2137,29,Male,Bachelor's,Mid SE,QA,17,8,51928,6,3,3,2,4,3,1,7,No,29,Demanding,Full Remote,3,27,Travel_Frequently,No
2138,44,Female,Bachelor's,Junior SE,ML/AI,19,7,100309,7,4,4,3,4,3,0,5,Yes,15,Neutral,On-site,0,17,Travel_Frequently,No
2139,50,Male,Bachelor's,Tech Lead,ML/AI,15,9,216960,15,1,3,3,4,3,3,2,Yes,27,Demanding,Hybrid,3,32,Non-Travel,No
2140,39,Male,Bachelor's,Tech Lead,DevOps,14,2,219904,22,4,3,4,2,3,3,3,No,49,Supportive,Full Remote,0,33,Travel_Frequently,No
2141,52,Non-binary,Bachelor's,Staff SE,DevOps,15,1,161196,7,4,2,4,2,3,4,0,No,8,Supportive,Hybrid,2,31,Non-Travel,Yes
2142,51,Non-binary,Bachelor's,Principal SE,Frontend,7,4,54404,19,1,3,4,3,3,0,8,Yes,29,Supportive,Hybrid,2,6,Travel_Rarely,No
2143,56,Male,Bachelor's,Tech Lead,Backend,12,0,209711,15,4,4,3,3,3,6,4,Yes,19,Supportive,Hybrid,1,9,Travel_Rarely,No
2144,39,Male,Bachelor's,Junior SE,Mobile,10,2,236670,15,4,4,4,3,4,5,7,No,31,Demanding,On-site,3,32,Travel_Rarely,No
2145,38,Female,Bachelor's,Junior SE,Mobile,6,0,242471,29,1,1,3,2,4,3,2,Yes,9,Supportive,On-site,3,16,Non-Travel,Yes
2146,35,Male,Bachelor's,Senior SE,QA,16,2,158187,24,1,3,3,3,3,1,3,No,10,Supportive,Full Remote,0,12,Travel_Rarely,No
2147,52,Male,Master's,Senior SE,Backend,17,3,155449,29,1,2,2,4,3,4,3,No,37,Toxic,On-site,2,3,Non-Travel,Yes
2148,45,Male,Bachelor's,Mid SE,QA,18,6,72684,15,3,2,2,2,3,5,7,Yes,10,Neutral,Full Remote,1,27,Travel_Rarely,No
2149,56,Male,Bachelor's,Mid SE,Frontend,12,4,113591,23,1,4,2,1,3,2,8,No,33,Supportive,Full Remote,2,27,Non-Travel,No
2150,55,Male,Bachelor's,Mid SE,QA,14,4,164821,5,1,3,4,2,3,0,2,No,25,Toxic,Full Remote,3,9,Travel_Rarely,No
2151,24,Male,Master's,Senior SE,Backend,0,0,47682,9,4,2,3,3,3,6,6,No,4,Supportive,Hybrid,1,17,Travel_Rarely,No
2152,47,Female,PhD,Junior SE,Backend,15,7,156186,14,2,3,4,2,3,3,8,No,5,Demanding,Full Remote,2,5,Travel_Rarely,No
2153,44,Female,Master's,Mid SE,Mobile,4,3,214118,14,2,3,3,3,4,6,1,No,23,Supportive,Hybrid,2,26,Travel_Rarely,No
2154,36,Male,Master's,Mid SE,Frontend,2,9,66832,18,3,1,2,3,3,5,3,No,39,Neutral,Full Remote,0,21,Non-Travel,No
2155,25,Female,Master's,Senior SE,DevOps,9,4,61997,6,3,2,2,1,3,1,2,Yes,5,Neutral,Hybrid,0,1,Non-Travel,No
2156,50,Female,Master's,Junior SE,QA,18,1,79640,8,2,1,4,1,4,0,7,No,8,Supportive,On-site,3,1,Non-Travel,Yes
2157,43,Male,Master's,Senior SE,Mobile,4,0,85491,6,2,2,3,4,3,6,3,No,17,Neutral,On-site,2,9,Travel_Frequently,Yes
2158,46,Male,Bachelor's,Senior SE,QA,6,8,108043,22,1,3,4,3,3,1,8,Yes,1,Neutral,Hybrid,0,23,Travel_Rarely,No
2159,34,Female,Bachelor's,Mid SE,QA,13,1,157175,17,4,2,1,2,3,4,0,No,12,Demanding,Hybrid,2,4,Travel_Rarely,No
2160,39,Female,Bachelor's,Junior SE,DevOps,2,5,173568,23,1,4,4,1,3,3,0,No,35,Demanding,On-site,1,19,Travel_Frequently,No
2161,54,Female,Bootcamp,Mid SE,Frontend,12,0,159250,9,3,3,2,1,3,3,3,No,14,Neutral,On-site,2,5,Travel_Frequently,No
2162,37,Male,Master's,Mid SE,Backend,12,0,117725,24,2,2,3,3,3,4,2,Yes,48,Neutral,On-site,2,28,Travel_Rarely,Yes
2163,23,Non-binary,Master's,Principal SE,ML/AI,9,8,173131,6,3,1,3,2,3,1,2,No,18,Neutral,Full Remote,3,23,Travel_Rarely,No
2164,56,Male,Bachelor's,Junior SE,QA,1,3,90520,15,1,1,4,1,3,6,1,No,10,Demanding,Hybrid,1,23,Travel_Frequently,No
2165,55,Male,Bachelor's,Senior SE,ML/AI,5,8,107919,22,3,3,2,1,4,0,1,No,15,Neutral,Hybrid,1,18,Travel_Frequently,No
2166,51,Female,Bachelor's,Junior SE,Frontend,7,4,154869,10,3,1,1,2,3,1,7,No,42,Neutral,Hybrid,0,29,Travel_Rarely,No
2167,34,Male,Bachelor's,Mid SE,ML/AI,3,6,109442,27,4,3,4,1,3,0,0,No,33,Neutral,Hybrid,1,28,Travel_Rarely,Yes
2168,34,Male,Master's,Senior SE,QA,11,0,197842,14,3,3,3,2,4,5,7,No,19,Toxic,On-site,3,9,Travel_Rarely,Yes
2169,39,Male,Master's,Mid SE,DevOps,14,5,150246,26,1,3,2,3,3,4,2,Yes,34,Neutral,On-site,0,10,Non-Travel,No
2170,53,Male,Bachelor's,Mid SE,ML/AI,7,7,223570,27,4,2,3,1,3,2,1,No,45,Supportive,Full Remote,2,2,Travel_Frequently,No
2171,53,Male,Master's,Junior SE,Frontend,6,0,154687,21,3,3,3,3,3,0,8,Yes,25,Neutral,Hybrid,1,13,Travel_Rarely,No
2172,56,Non-binary,Bachelor's,Mid SE,Frontend,13,8,168447,26,1,1,3,2,3,3,4,No,16,Demanding,Hybrid,2,27,Non-Travel,No
2173,50,Male,Bootcamp,Senior SE,DevOps,18,2,106477,15,2,4,3,3,3,5,4,No,8,Demanding,Full Remote,0,20,Non-Travel,No
2174,50,Female,Bachelor's,Mid SE,ML/AI,13,0,45244,23,4,2,1,3,3,3,5,Yes,35,Demanding,Full Remote,1,10,Travel_Frequently,No
2175,37,Female,Bachelor's,Principal SE,ML/AI,12,0,208860,21,3,1,2,3,4,5,3,No,21,Demanding,On-site,0,16,Travel_Rarely,No
2176,31,Female,Bachelor's,Senior SE,Backend,0,5,124453,28,3,3,4,4,3,3,6,No,19,Supportive,Hybrid,0,15,Non-Travel,No
2177,51,Male,Bachelor's,Mid SE,Mobile,18,5,233809,8,4,3,2,2,3,1,6,Yes,46,Neutral,On-site,1,13,Non-Travel,Yes
2178,46,Female,Bachelor's,Junior SE,Frontend,0,0,222561,28,1,4,2,2,3,6,8,Yes,11,Demanding,On-site,1,20,Travel_Rarely,No
2179,41,Male,Master's,Mid SE,Backend,3,2,172962,18,3,1,2,2,3,1,5,Yes,44,Supportive,On-site,0,24,Non-Travel,No
2180,26,Female,PhD,Tech Lead,Frontend,9,6,116303,24,1,2,4,2,3,1,0,Yes,11,Neutral,Full Remote,3,7,Travel_Rarely,No
2181,22,Female,Master's,Mid SE,Backend,2,9,73390,8,4,1,2,2,3,6,8,No,11,Demanding,Full Remote,1,23,Travel_Rarely,No
2182,51,Female,Bachelor's,Tech Lead,Mobile,19,2,55247,18,3,3,4,1,3,5,8,No,22,Demanding,Hybrid,0,24,Travel_Rarely,No
2183,24,Male,Master's,Mid SE,Backend,8,2,245123,8,2,2,4,1,3,5,4,Yes,21,Toxic,Full Remote,2,29,Travel_Frequently,Yes
2184,35,Female,Bachelor's,Tech Lead,Frontend,2,2,235791,10,2,3,1,1,4,6,6,No,27,Toxic,Hybrid,2,5,Non-Travel,No
2185,51,Male,Bachelor's,Junior SE,ML/AI,5,6,210750,13,2,3,3,3,4,3,0,No,18,Supportive,On-site,1,1,Non-Travel,No
2186,25,Female,Master's,Tech Lead,Frontend,5,3,74583,25,4,1,4,3,3,0,3,No,42,Toxic,On-site,1,18,Non-Travel,No
2187,39,Non-binary,Master's,Mid SE,QA,11,3,184148,16,3,4,3,2,4,5,3,Yes,48,Supportive,On-site,2,6,Non-Travel,No
2188,46,Male,Bachelor's,Mid SE,DevOps,0,2,194078,12,4,3,2,4,3,3,4,No,40,Demanding,Hybrid,0,23,Non-Travel,No
2189,22,Non-binary,Bachelor's,Mid SE,DevOps,15,9,191123,28,3,1,3,2,4,0,5,No,38,Supportive,Hybrid,0,10,Travel_Rarely,No
2190,36,Male,Bootcamp,Mid SE,QA,4,8,180386,8,2,2,3,1,3,6,3,No,30,Supportive,Full Remote,0,7,Non-Travel,No
2191,30,Male,Bachelor's,Staff SE,DevOps,8,1,73670,29,2,4,3,2,3,1,5,No,45,Toxic,Hybrid,3,8,Travel_Frequently,No
2192,36,Male,Bachelor's,Junior SE,DevOps,9,3,243623,29,1,3,2,3,4,5,6,Yes,47,Supportive,On-site,1,13,Non-Travel,No
2193,45,Male,Master's,Junior SE,Mobile,12,7,169920,9,4,3,2,2,3,2,2,No,45,Demanding,Full Remote,3,30,Travel_Rarely,No
2194,25,Female,Bachelor's,Senior SE,ML/AI,14,5,55236,10,4,2,4,1,4,1,8,No,33,Supportive,Hybrid,3,18,Travel_Frequently,No
2195,33,Male,Bachelor's,Mid SE,ML/AI,11,6,80568,9,1,1,4,2,3,4,7,No,21,Supportive,On-site,3,14,Non-Travel,No
2196,27,Male,Bachelor's,Mid SE,Frontend,4,6,236386,23,2,3,1,3,3,0,0,No,2,Supportive,Full Remote,3,11,Travel_Rarely,No
2197,45,Female,Master's,Senior SE,QA,4,1,152327,12,2,2,2,4,3,2,1,No,13,Neutral,On-site,0,13,Travel_Rarely,Yes
2198,32,Female,Master's,Mid SE,Backend,17,3,155188,13,4,3,1,1,4,1,1,No,2,Supportive,Full Remote,1,33,Travel_Rarely,No
2199,34,Female,Master's,Principal SE,Frontend,11,9,61352,19,3,1,2,2,3,5,8,No,43,Supportive,On-site,1,13,Travel_Rarely,Yes
2200,55,Female,Bootcamp,Mid SE,Frontend,2,9,170721,8,2,4,3,3,3,2,8,Yes,45,Demanding,Hybrid,3,25,Non-Travel,No
2201,46,Female,Master's,Junior SE,Frontend,6,5,221722,29,1,1,1,1,4,3,8,No,31,Supportive,Full Remote,1,24,Travel_Rarely,No
2202,28,Male,Bachelor's,Senior SE,Frontend,16,2,186418,13,1,1,1,1,4,0,0,No,10,Neutral,Full Remote,2,29,Travel_Rarely,No
2203,25,Male,Bachelor's,Senior SE,ML/AI,18,8,201228,11,1,1,1,3,4,4,6,No,23,Toxic,On-site,0,6,Non-Travel,No
2204,29,Female,Master's,Mid SE,Backend,17,3,100904,12,4,2,2,2,3,3,2,No,22,Neutral,On-site,1,18,Travel_Frequently,Yes
2205,41,Male,Master's,Senior SE,Frontend,0,9,190107,19,4,3,4,2,4,2,8,No,47,Neutral,Hybrid,0,28,Travel_Rarely,No
2206,50,Female,Master's,Junior SE,ML/AI,4,1,167141,23,4,4,1,2,4,1,7,No,29,Demanding,On-site,2,5,Travel_Rarely,No
2207,31,Male,Master's,Mid SE,Frontend,1,5,61108,19,4,2,4,1,4,0,2,No,33,Demanding,On-site,0,18,Travel_Frequently,No
2208,55,Male,Bachelor's,Principal SE,DevOps,0,0,47853,9,1,1,2,4,3,5,0,Yes,31,Demanding,Full Remote,2,7,Travel_Rarely,Yes
2209,47,Male,Bachelor's,Junior SE,Frontend,6,5,129156,23,1,4,1,1,3,4,8,Yes,14,Toxic,Hybrid,3,9,Non-Travel,Yes
2210,24,Female,Bachelor's,Mid SE,QA,10,9,49176,11,4,1,2,2,3,1,0,Yes,10,Supportive,Hybrid,1,12,Travel_Rarely,No
2211,27,Male,Bachelor's,Tech Lead,QA,10,0,145459,10,4,1,4,1,3,4,2,No,18,Toxic,Hybrid,3,24,Travel_Rarely,No
2212,26,Female,Bachelor's,Staff SE,Frontend,17,7,201992,23,1,1,4,4,3,5,5,Yes,11,Toxic,Full Remote,1,9,Travel_Rarely,No
2213,26,Male,Master's,Mid SE,Mobile,16,4,230922,29,4,4,1,1,3,6,5,No,39,Demanding,Hybrid,3,12,Travel_Frequently,No
2214,44,Male,Master's,Mid SE,DevOps,1,5,182901,21,4,3,4,3,3,0,3,Yes,47,Neutral,Hybrid,2,9,Non-Travel,No
2215,30,Female,Bachelor's,Senior SE,Backend,6,1,168225,14,4,1,3,2,3,2,1,No,3,Demanding,Full Remote,1,22,Non-Travel,No
2216,56,Female,Master's,Principal SE,Frontend,6,1,163458,23,4,3,3,2,3,4,5,No,2,Supportive,Hybrid,3,17,Travel_Rarely,No
2217,41,Male,Master's,Tech Lead,Backend,9,8,155893,15,2,4,1,2,3,0,4,No,8,Demanding,On-site,0,33,Travel_Rarely,Yes
2218,56,Female,Bachelor's,Junior SE,DevOps,2,2,118927,19,4,4,2,1,4,4,5,No,31,Supportive,Full Remote,0,24,Non-Travel,No
2219,39,Male,Master's,Mid SE,Frontend,11,5,163178,14,1,1,2,1,3,1,6,No,8,Demanding,On-site,3,15,Travel_Frequently,Yes
2220,38,Male,Master's,Mid SE,Mobile,2,9,85667,15,1,3,2,1,3,4,8,No,43,Neutral,Hybrid,2,29,Non-Travel,No
2221,45,Male,Master's,Tech Lead,ML/AI,10,4,241914,27,1,3,3,2,3,6,6,No,48,Supportive,Full Remote,3,32,Non-Travel,Yes
2222,24,Female,Master's,Senior SE,Mobile,11,3,211915,7,1,1,4,1,3,1,3,No,2,Demanding,On-site,0,33,Travel_Frequently,No
2223,53,Female,Master's,Senior SE,Mobile,3,9,226880,7,4,2,3,2,4,1,4,No,22,Neutral,Full Remote,1,29,Non-Travel,No
2224,56,Male,Bachelor's,Staff SE,ML/AI,15,1,206615,22,2,2,4,1,3,0,5,No,5,Demanding,Hybrid,1,15,Travel_Frequently,No
2225,34,Female,Bachelor's,Junior SE,ML/AI,19,7,248852,29,3,4,3,2,3,3,8,No,7,Supportive,Full Remote,3,27,Non-Travel,No
2226,46,Male,Bachelor's,Junior SE,QA,17,9,51611,15,3,4,2,3,3,5,4,No,20,Demanding,Hybrid,1,34,Non-Travel,No
2227,30,Male,Bootcamp,Mid SE,ML/AI,3,6,133242,24,3,2,2,1,4,4,4,Yes,28,Neutral,Hybrid,0,4,Travel_Rarely,No
2228,25,Male,Bachelor's,Mid SE,Frontend,5,1,129612,26,3,2,2,2,3,2,6,Yes,13,Neutral,Hybrid,1,18,Travel_Frequently,No
2229,35,Male,Bachelor's,Junior SE,Backend,14,5,91902,22,1,2,1,3,3,1,1,No,2,Neutral,Full Remote,3,21,Travel_Rarely,No
2230,55,Male,PhD,Junior SE,QA,0,7,78043,29,4,1,1,3,3,3,2,No,32,Demanding,On-site,3,8,Non-Travel,No
2231,32,Female,Bootcamp,Senior SE,QA,2,6,181343,19,4,1,4,4,3,1,1,No,26,Demanding,On-site,3,6,Travel_Rarely,No
2232,24,Female,Master's,Principal SE,Backend,4,0,117867,11,3,1,1,1,3,3,1,No,3,Neutral,Hybrid,0,20,Non-Travel,No
2233,49,Male,Bachelor's,Mid SE,QA,16,4,122089,14,3,1,3,2,3,3,2,No,41,Neutral,Full Remote,2,2,Travel_Frequently,No
2234,50,Male,Bachelor's,Senior SE,ML/AI,13,1,103745,25,2,1,3,4,3,2,5,No,42,Neutral,Full Remote,1,22,Non-Travel,No
2235,30,Male,Bachelor's,Mid SE,Mobile,8,5,238149,27,2,1,4,1,3,3,4,No,13,Toxic,On-site,3,21,Travel_Frequently,Yes
2236,24,Male,Bachelor's,Tech Lead,DevOps,2,6,235191,24,2,4,4,3,3,2,4,No,21,Demanding,Full Remote,2,6,Travel_Rarely,No
2237,46,Male,Bachelor's,Tech Lead,ML/AI,12,6,187645,14,1,3,2,1,3,0,1,No,45,Neutral,Full Remote,3,32,Travel_Rarely,No
2238,55,Female,Master's,Senior SE,Mobile,2,2,197481,17,4,4,1,2,3,1,1,Yes,37,Supportive,Hybrid,3,6,Travel_Rarely,No
2239,33,Male,Bootcamp,Junior SE,Mobile,10,6,130970,19,1,3,2,3,3,2,0,Yes,23,Neutral,On-site,0,13,Non-Travel,No
2240,30,Female,Bachelor's,Junior SE,QA,1,4,69464,27,1,4,1,4,3,5,2,No,7,Demanding,Hybrid,0,1,Travel_Frequently,No
2241,36,Female,Master's,Junior SE,Frontend,14,7,218912,22,4,4,1,1,4,6,6,No,17,Supportive,Full Remote,2,22,Non-Travel,No
2242,46,Male,Master's,Senior SE,Frontend,12,7,224857,27,2,1,4,1,3,1,4,No,28,Demanding,Hybrid,3,24,Non-Travel,No
2243,26,Female,Bachelor's,Tech Lead,QA,18,6,163523,8,4,1,2,4,3,6,6,No,47,Supportive,Hybrid,1,30,Travel_Rarely,Yes
2244,32,Male,Master's,Tech Lead,QA,15,5,65662,24,3,3,2,1,3,5,8,No,30,Supportive,Hybrid,1,22,Travel_Frequently,No
2245,55,Female,Bachelor's,Mid SE,Backend,17,1,63228,21,2,3,1,1,3,4,5,No,5,Supportive,Full Remote,1,12,Non-Travel,No
2246,45,Male,Bachelor's,Tech Lead,Backend,6,5,105721,7,4,1,1,1,3,5,1,Yes,24,Demanding,On-site,2,26,Travel_Rarely,No
2247,36,Male,Master's,Staff SE,DevOps,12,8,225295,25,1,4,4,3,3,0,0,No,7,Toxic,Hybrid,0,4,Travel_Rarely,Yes
2248,29,Male,Bachelor's,Mid SE,DevOps,3,1,183458,25,4,3,3,3,3,4,0,No,34,Supportive,Hybrid,2,19,Non-Travel,No
2249,26,Male,Bootcamp,Mid SE,DevOps,8,0,51862,6,2,2,2,2,4,4,8,Yes,42,Neutral,Hybrid,0,16,Non-Travel,No
2250,47,Male,Bachelor's,Principal SE,DevOps,9,4,85108,8,3,2,2,1,3,3,5,No,33,Supportive,Hybrid,1,12,Travel_Rarely,No
2251,39,Male,Master's,Mid SE,Mobile,8,5,136788,5,1,2,4,2,3,5,5,No,27,Demanding,Hybrid,1,33,Non-Travel,No
2252,27,Male,Bachelor's,Principal SE,Mobile,6,2,125140,19,3,3,4,3,4,3,3,No,14,Demanding,Full Remote,0,21,Travel_Rarely,No
2253,34,Female,Bachelor's,Staff SE,Backend,14,7,203273,29,3,1,2,1,3,5,1,No,19,Supportive,Hybrid,1,9,Travel_Rarely,No
2254,49,Female,Bachelor's,Senior SE,Frontend,7,6,113578,5,1,1,2,2,4,4,2,No,48,Supportive,Hybrid,2,8,Travel_Frequently,No
2255,26,Male,Master's,Tech Lead,QA,18,1,94966,10,4,1,1,1,3,3,2,No,38,Demanding,On-site,0,20,Non-Travel,No
2256,34,Male,Master's,Senior SE,Frontend,10,6,230846,11,4,3,3,1,3,6,7,No,12,Demanding,Full Remote,1,10,Travel_Rarely,No
2257,38,Female,PhD,Senior SE,ML/AI,4,0,55386,23,3,3,2,4,3,1,5,Yes,3,Supportive,On-site,3,32,Non-Travel,No
2258,53,Female,Master's,Mid SE,Mobile,1,8,122228,16,4,2,4,2,4,5,6,No,7,Neutral,Hybrid,1,28,Travel_Rarely,No
2259,50,Female,Master's,Junior SE,DevOps,9,6,191297,5,2,3,1,3,4,5,8,No,35,Demanding,Hybrid,3,10,Travel_Frequently,No
2260,24,Male,Master's,Mid SE,DevOps,15,5,192765,11,3,2,1,2,3,3,0,No,25,Neutral,Full Remote,1,8,Non-Travel,No
2261,55,Male,Master's,Senior SE,ML/AI,12,1,117197,23,3,2,4,2,3,5,1,No,49,Neutral,Hybrid,3,33,Travel_Rarely,No
2262,48,Male,Master's,Junior SE,Frontend,7,2,88021,17,3,1,4,2,3,4,8,No,15,Neutral,On-site,1,13,Travel_Rarely,No
2263,34,Male,Master's,Junior SE,DevOps,8,0,163915,16,2,3,1,4,3,3,4,Yes,19,Neutral,On-site,3,29,Travel_Rarely,No
2264,54,Female,Master's,Junior SE,Frontend,10,9,194333,16,3,1,4,1,4,3,3,No,19,Neutral,Hybrid,0,5,Travel_Rarely,No
2265,27,Female,Bachelor's,Senior SE,QA,10,4,203450,26,4,1,1,3,3,2,0,No,23,Toxic,Hybrid,0,3,Non-Travel,No
2266,45,Female,Master's,Staff SE,ML/AI,15,8,162174,17,4,3,4,4,3,6,8,No,11,Supportive,On-site,3,6,Travel_Rarely,No
2267,40,Female,Master's,Staff SE,Frontend,9,5,131755,18,4,3,1,3,4,6,8,No,21,Neutral,On-site,1,16,Non-Travel,No
2268,37,Female,Bachelor's,Mid SE,QA,11,4,188009,26,4,4,2,4,4,2,3,No,34,Supportive,On-site,2,18,Travel_Rarely,No
2269,49,Male,Bachelor's,Tech Lead,Frontend,5,2,111330,16,3,2,2,1,3,4,8,No,39,Supportive,Full Remote,2,11,Travel_Rarely,No
2270,54,Male,Bachelor's,Senior SE,Frontend,11,4,223438,24,2,4,4,3,3,1,0,No,7,Demanding,On-site,2,23,Travel_Frequently,No
2271,34,Non-binary,Master's,Mid SE,DevOps,9,7,117322,16,1,2,3,2,4,5,4,No,42,Toxic,Full Remote,2,11,Non-Travel,No
2272,46,Male,PhD,Senior SE,Backend,17,1,147318,10,4,2,2,4,3,0,0,No,44,Supportive,Hybrid,3,29,Travel_Rarely,No
2273,57,Female,Bachelor's,Junior SE,Mobile,17,4,216232,14,1,2,1,3,3,5,3,No,27,Toxic,Full Remote,0,27,Travel_Rarely,Yes
2274,48,Female,Master's,Principal SE,Frontend,3,5,90313,24,1,1,3,1,3,0,4,No,23,Supportive,Hybrid,0,9,Non-Travel,Yes
2275,28,Male,PhD,Mid SE,Frontend,8,9,72032,28,3,1,1,3,4,6,2,Yes,38,Neutral,Hybrid,2,9,Travel_Rarely,No
2276,26,Male,Bachelor's,Mid SE,Frontend,6,7,193430,13,4,3,1,4,3,4,1,No,20,Supportive,Full Remote,0,18,Non-Travel,No
2277,52,Female,PhD,Senior SE,Backend,17,7,106710,6,4,2,2,1,3,1,5,Yes,27,Neutral,Hybrid,3,21,Non-Travel,No
2278,44,Male,Bootcamp,Mid SE,QA,7,4,140326,11,4,2,4,2,3,1,2,Yes,8,Neutral,Hybrid,2,1,Non-Travel,No
2279,31,Female,Master's,Mid SE,ML/AI,10,8,131157,13,1,2,4,4,4,1,0,No,37,Neutral,Full Remote,3,27,Non-Travel,No
2280,53,Non-binary,Master's,Senior SE,DevOps,6,3,224893,29,4,1,1,4,4,2,4,Yes,3,Neutral,Full Remote,3,29,Travel_Frequently,No
2281,51,Male,Bootcamp,Junior SE,Backend,8,8,73365,16,4,3,2,1,4,4,1,No,2,Neutral,Hybrid,1,19,Non-Travel,No
2282,52,Male,Master's,Senior SE,QA,7,6,58189,9,2,1,1,4,3,0,1,Yes,22,Neutral,On-site,3,24,Travel_Frequently,Yes
2283,39,Female,Bachelor's,Mid SE,Frontend,2,5,52248,5,3,4,3,3,4,1,3,No,6,Neutral,Hybrid,1,1,Non-Travel,No
2284,57,Female,PhD,Senior SE,QA,16,3,49369,26,4,4,1,2,4,4,3,Yes,39,Demanding,Hybrid,2,23,Travel_Rarely,No
2285,23,Male,Master's,Senior SE,Backend,1,1,239835,19,4,4,2,3,4,5,3,Yes,40,Demanding,On-site,3,13,Travel_Rarely,No
2286,35,Male,Master's,Mid SE,Backend,14,7,184122,12,3,3,1,1,4,0,6,No,36,Supportive,Full Remote,0,30,Travel_Frequently,No
2287,34,Male,Bachelor's,Senior SE,Backend,13,5,73605,5,3,4,2,4,3,6,0,No,44,Supportive,On-site,2,11,Travel_Rarely,No
2288,50,Female,Master's,Senior SE,ML/AI,17,2,94616,22,1,3,4,2,3,2,7,No,24,Demanding,Hybrid,3,7,Travel_Frequently,No
2289,33,Female,Bachelor's,Tech Lead,Mobile,15,6,230551,17,1,1,2,1,4,3,8,Yes,12,Supportive,On-site,3,11,Travel_Rarely,No
2290,23,Female,Bootcamp,Senior SE,DevOps,19,9,148719,5,1,1,3,3,4,0,5,No,17,Demanding,Hybrid,0,21,Non-Travel,Yes
2291,53,Male,Bachelor's,Tech Lead,ML/AI,3,6,216955,9,3,3,2,4,3,6,3,No,22,Neutral,On-site,1,3,Travel_Frequently,No
2292,34,Male,Bachelor's,Junior SE,ML/AI,19,5,78055,22,2,1,3,4,3,6,5,Yes,19,Neutral,Full Remote,3,30,Travel_Frequently,No
2293,48,Female,Bachelor's,Mid SE,Mobile,5,1,244803,20,4,1,3,1,3,6,6,No,9,Supportive,On-site,3,24,Non-Travel,No
2294,38,Male,Bachelor's,Staff SE,ML/AI,5,7,161680,14,3,3,1,3,3,5,5,No,12,Toxic,Hybrid,0,3,Travel_Frequently,No
2295,52,Male,Master's,Mid SE,Backend,10,0,52450,8,2,4,3,4,3,0,0,No,32,Toxic,Hybrid,2,33,Travel_Rarely,No
2296,55,Male,PhD,Junior SE,Backend,16,0,178997,5,3,3,2,3,4,0,4,No,31,Toxic,Full Remote,3,22,Travel_Frequently,No
2297,45,Female,PhD,Mid SE,QA,2,5,95272,27,2,2,4,2,3,3,7,No,17,Supportive,On-site,1,31,Travel_Frequently,No
2298,56,Non-binary,Bachelor's,Junior SE,Frontend,12,4,50310,12,3,1,2,4,3,1,7,No,23,Demanding,Hybrid,1,12,Travel_Frequently,No
2299,27,Male,Bachelor's,Junior SE,ML/AI,2,8,76817,9,3,3,4,2,3,5,8,No,10,Neutral,Full Remote,0,14,Travel_Frequently,No
2300,40,Male,Master's,Staff SE,Frontend,15,6,220600,6,2,1,3,4,3,6,3,No,30,Demanding,Full Remote,1,12,Non-Travel,Yes
2301,51,Female,Bootcamp,Senior SE,DevOps,14,1,231851,28,2,4,1,1,3,3,5,No,19,Supportive,Hybrid,3,27,Non-Travel,No
2302,28,Non-binary,Master's,Mid SE,Backend,10,6,127641,21,2,1,3,4,3,0,6,No,26,Demanding,Full Remote,1,13,Non-Travel,No
2303,31,Male,Master's,Staff SE,QA,17,2,60457,11,2,3,3,4,3,5,4,No,26,Toxic,Hybrid,3,24,Non-Travel,No
2304,53,Male,Bachelor's,Staff SE,DevOps,14,0,87311,21,2,4,4,3,3,2,7,No,11,Supportive,On-site,0,9,Non-Travel,Yes
2305,55,Male,PhD,Mid SE,QA,4,7,180052,10,2,4,2,3,3,0,2,No,20,Supportive,Hybrid,1,8,Travel_Rarely,No
2306,49,Female,Master's,Mid SE,Mobile,15,2,196958,26,2,4,1,2,3,2,7,Yes,45,Supportive,On-site,3,15,Non-Travel,No
2307,36,Male,Bachelor's,Tech Lead,Backend,15,7,226949,19,2,2,1,2,3,4,4,No,4,Supportive,Hybrid,2,7,Travel_Rarely,No
2308,51,Male,Bachelor's,Senior SE,DevOps,16,6,168573,9,3,3,1,2,3,2,0,No,47,Neutral,On-site,3,24,Travel_Frequently,No
2309,50,Female,PhD,Senior SE,Mobile,8,1,142427,19,2,3,1,4,4,0,5,No,12,Demanding,Hybrid,3,16,Travel_Rarely,No
2310,43,Female,Bachelor's,Principal SE,DevOps,2,0,81181,22,2,4,2,4,3,3,1,No,25,Supportive,Hybrid,0,24,Travel_Rarely,Yes
2311,25,Male,Bachelor's,Senior SE,QA,19,6,209334,22,3,1,1,2,4,0,6,No,10,Neutral,Hybrid,3,7,Non-Travel,No
2312,41,Female,Master's,Mid SE,Mobile,12,0,177019,29,3,4,4,1,3,0,8,No,22,Neutral,Hybrid,0,28,Non-Travel,No
2313,53,Male,Bachelor's,Senior SE,Mobile,2,5,176094,25,1,2,4,1,4,4,2,No,7,Supportive,On-site,3,2,Travel_Rarely,No
2314,57,Male,Bachelor's,Mid SE,Backend,6,9,46128,25,1,4,1,4,3,6,3,No,24,Neutral,Hybrid,3,34,Travel_Rarely,No
2315,25,Male,Master's,Tech Lead,Frontend,5,9,124522,27,2,3,1,1,3,1,3,No,2,Supportive,On-site,3,3,Travel_Rarely,No
2316,48,Female,PhD,Senior SE,QA,8,7,208394,10,2,4,2,1,3,0,3,Yes,32,Neutral,Hybrid,0,1,Travel_Rarely,Yes
2317,38,Male,Master's,Junior SE,QA,11,6,93929,6,1,1,2,2,3,4,2,No,21,Supportive,Hybrid,3,31,Non-Travel,No
2318,33,Female,PhD,Mid SE,Mobile,14,3,126696,21,1,3,1,1,3,3,4,No,7,Demanding,Hybrid,0,23,Non-Travel,No
2319,43,Female,Master's,Mid SE,Mobile,19,0,160245,25,4,1,2,1,3,4,8,No,8,Supportive,Hybrid,2,20,Travel_Rarely,No
2320,38,Female,Master's,Mid SE,Backend,2,0,54808,8,4,4,3,4,4,4,7,No,38,Toxic,Full Remote,0,16,Non-Travel,No
2321,31,Female,Bachelor's,Senior SE,Frontend,9,3,140148,16,2,3,1,4,3,2,1,Yes,21,Demanding,On-site,2,32,Travel_Rarely,No
2322,22,Female,Master's,Mid SE,QA,0,4,228954,23,4,2,2,4,3,1,8,No,8,Supportive,On-site,0,17,Travel_Frequently,No
2323,43,Male,Bootcamp,Tech Lead,ML/AI,18,6,66725,6,1,3,4,1,3,1,1,No,25,Neutral,Full Remote,0,18,Non-Travel,No
2324,47,Male,Bachelor's,Junior SE,ML/AI,18,3,117534,6,2,1,1,2,4,5,6,No,28,Supportive,On-site,3,4,Travel_Rarely,No
2325,39,Female,Bachelor's,Senior SE,Frontend,12,9,84950,18,3,3,1,3,3,6,4,Yes,28,Demanding,Full Remote,1,23,Travel_Rarely,No
2326,35,Male,Master's,Tech Lead,DevOps,11,0,128576,19,3,2,4,4,3,3,6,No,31,Neutral,Hybrid,1,15,Travel_Rarely,No
2327,50,Female,Bachelor's,Senior SE,Backend,0,9,65557,24,1,2,4,4,3,5,4,Yes,36,Demanding,Hybrid,3,13,Non-Travel,Yes
2328,33,Non-binary,Bachelor's,Mid SE,Frontend,18,6,66825,6,4,2,2,4,3,6,5,No,25,Supportive,Full Remote,2,14,Travel_Frequently,No
2329,57,Male,Master's,Staff SE,ML/AI,15,1,53998,8,3,2,4,2,4,6,7,No,41,Supportive,Full Remote,3,14,Non-Travel,No
2330,56,Female,Bootcamp,Mid SE,Mobile,14,1,81080,23,4,1,3,3,4,4,0,Yes,37,Neutral,Hybrid,1,5,Travel_Rarely,No
2331,33,Male,Bachelor's,Junior SE,ML/AI,15,7,233869,13,3,3,1,3,3,3,0,No,38,Supportive,Full Remote,0,22,Travel_Rarely,No
2332,28,Male,Bachelor's,Mid SE,Mobile,10,9,191874,11,4,4,3,4,3,6,4,No,12,Neutral,Full Remote,3,28,Non-Travel,No
2333,50,Male,Bachelor's,Junior SE,Backend,5,9,187239,17,3,2,2,1,3,3,0,No,37,Supportive,Full Remote,2,4,Non-Travel,No
2334,32,Male,PhD,Staff SE,Mobile,10,9,87407,16,3,4,4,4,3,1,2,No,37,Demanding,Full Remote,3,29,Non-Travel,No
2335,54,Female,Master's,Junior SE,Frontend,2,4,165283,7,2,4,1,4,3,1,8,No,31,Demanding,Full Remote,1,20,Travel_Rarely,No
2336,27,Female,Bachelor's,Tech Lead,Mobile,14,9,58338,17,2,3,4,1,3,1,6,No,18,Supportive,Hybrid,0,20,Non-Travel,Yes
2337,36,Female,Master's,Tech Lead,DevOps,0,1,121289,19,1,4,4,1,3,0,5,No,26,Neutral,On-site,1,2,Travel_Frequently,No
2338,53,Male,Bachelor's,Junior SE,Frontend,6,4,247592,18,3,4,2,4,4,4,7,No,6,Neutral,Full Remote,1,18,Non-Travel,No
2339,32,Male,Master's,Senior SE,Backend,0,7,194967,28,4,1,2,2,3,3,7,No,9,Demanding,Full Remote,1,30,Travel_Frequently,No
2340,44,Female,PhD,Junior SE,Frontend,16,5,223982,13,3,4,2,2,4,4,5,Yes,11,Neutral,On-site,1,29,Travel_Frequently,No
2341,47,Male,Master's,Mid SE,DevOps,8,2,176029,17,4,3,2,1,4,6,3,No,31,Supportive,Full Remote,0,22,Travel_Rarely,No
2342,55,Female,Master's,Junior SE,Backend,12,7,154367,27,4,4,1,4,4,3,3,No,46,Supportive,On-site,1,29,Travel_Rarely,No
2343,55,Female,Bachelor's,Principal SE,ML/AI,10,8,110898,26,3,3,3,2,3,3,3,No,2,Neutral,Full Remote,2,10,Non-Travel,No
2344,50,Female,Master's,Staff SE,DevOps,19,4,179526,8,4,2,3,4,4,5,5,Yes,29,Toxic,Full Remote,2,20,Travel_Frequently,Yes
2345,25,Non-binary,Master's,Junior SE,Backend,5,1,162486,25,1,4,1,4,4,3,0,No,46,Demanding,Full Remote,1,16,Travel_Rarely,No
2346,38,Male,Bachelor's,Junior SE,Mobile,0,1,131540,12,2,4,4,4,3,3,1,Yes,42,Supportive,Full Remote,2,6,Travel_Frequently,No
2347,56,Female,Master's,Tech Lead,Frontend,6,6,236869,7,4,4,1,2,3,2,5,No,5,Demanding,On-site,1,17,Travel_Rarely,No
2348,34,Male,Bachelor's,Mid SE,Backend,11,0,226709,6,3,2,3,3,3,2,0,No,23,Toxic,Full Remote,0,6,Travel_Frequently,Yes
2349,36,Female,Master's,Principal SE,Frontend,19,9,181421,23,2,1,3,4,4,5,8,No,36,Supportive,On-site,0,22,Travel_Rarely,Yes
2350,50,Male,Bachelor's,Senior SE,Mobile,18,1,170416,27,1,4,1,2,4,0,5,No,7,Demanding,Hybrid,2,18,Travel_Frequently,No
2351,50,Female,Bootcamp,Mid SE,Backend,16,9,84963,12,4,3,2,3,4,1,6,No,13,Neutral,On-site,2,32,Non-Travel,No
2352,32,Female,Bachelor's,Tech Lead,ML/AI,3,3,183822,21,4,1,4,1,4,6,0,No,42,Demanding,Full Remote,1,28,Travel_Rarely,No
2353,53,Male,Master's,Mid SE,DevOps,2,0,139929,17,2,1,1,2,3,6,7,Yes,10,Neutral,Full Remote,3,10,Travel_Rarely,No
2354,23,Male,Master's,Principal SE,Backend,0,3,198535,11,4,1,3,3,3,3,4,No,36,Toxic,Hybrid,1,22,Travel_Rarely,No
2355,35,Female,Master's,Principal SE,Mobile,17,9,119935,13,3,4,2,2,3,4,4,No,16,Supportive,Full Remote,1,28,Travel_Rarely,No
2356,41,Male,Bachelor's,Junior SE,Backend,14,4,234864,16,2,2,4,3,3,6,5,No,15,Demanding,On-site,0,15,Travel_Rarely,Yes
2357,43,Male,Master's,Junior SE,Frontend,7,8,58686,18,2,2,3,3,3,2,6,No,43,Supportive,Hybrid,3,29,Non-Travel,Yes
2358,32,Male,Master's,Staff SE,QA,0,0,108528,18,4,4,4,2,4,1,6,No,19,Neutral,Hybrid,3,7,Travel_Rarely,No
2359,48,Male,Bachelor's,Principal SE,Backend,19,4,144811,19,1,3,2,1,4,0,4,No,21,Toxic,Full Remote,1,34,Travel_Rarely,No
2360,24,Female,Bachelor's,Junior SE,ML/AI,13,1,67787,7,1,3,3,4,3,1,0,Yes,35,Demanding,Hybrid,0,32,Non-Travel,No
2361,38,Male,Master's,Tech Lead,Backend,3,8,190848,19,1,3,2,3,3,3,8,No,15,Supportive,Hybrid,2,2,Travel_Rarely,No
2362,49,Male,Master's,Mid SE,DevOps,4,5,160613,23,1,4,1,4,3,1,5,Yes,48,Neutral,On-site,0,26,Non-Travel,Yes
2363,50,Male,Bachelor's,Mid SE,Backend,12,1,233499,28,2,2,1,1,3,3,8,No,14,Supportive,Hybrid,2,11,Non-Travel,No
2364,42,Male,Bachelor's,Principal SE,QA,14,2,149887,24,2,4,4,4,3,5,3,No,29,Supportive,On-site,0,25,Travel_Rarely,No
2365,37,Male,Bachelor's,Junior SE,Frontend,5,7,106086,18,4,2,2,4,3,2,1,No,5,Demanding,On-site,3,19,Travel_Frequently,No
2366,41,Male,Master's,Staff SE,Backend,0,0,147231,12,1,1,2,2,4,2,2,No,49,Neutral,On-site,0,20,Travel_Rarely,Yes
2367,27,Male,Master's,Junior SE,ML/AI,18,2,108308,9,1,4,4,2,4,3,3,No,18,Neutral,Hybrid,1,33,Travel_Frequently,No
2368,40,Male,PhD,Senior SE,Mobile,12,9,60797,23,4,2,4,1,4,4,7,No,1,Demanding,Hybrid,2,17,Travel_Rarely,No
2369,26,Female,Bootcamp,Junior SE,Backend,5,0,50302,8,4,1,4,2,3,2,2,No,27,Neutral,Full Remote,0,30,Travel_Rarely,No
2370,24,Male,Master's,Senior SE,Backend,14,7,239244,18,4,1,1,3,3,4,7,No,27,Supportive,On-site,0,18,Non-Travel,No
2371,22,Female,Bachelor's,Senior SE,DevOps,15,0,83059,20,3,4,4,1,3,3,5,Yes,25,Neutral,On-site,2,32,Travel_Frequently,No
2372,36,Male,Bachelor's,Junior SE,ML/AI,15,4,176980,24,4,2,1,2,4,5,3,Yes,41,Toxic,Full Remote,0,4,Travel_Rarely,No
2373,55,Male,Bachelor's,Mid SE,QA,9,3,236324,28,4,1,4,2,4,3,6,No,21,Demanding,Hybrid,2,32,Travel_Rarely,No
2374,56,Female,Bootcamp,Mid SE,Mobile,8,6,188949,10,3,4,2,1,3,5,4,No,14,Neutral,On-site,3,19,Non-Travel,No
2375,46,Male,Master's,Junior SE,Frontend,8,4,59239,27,1,1,2,3,4,6,4,No,20,Supportive,Full Remote,2,3,Travel_Frequently,No
2376,45,Female,Bachelor's,Tech Lead,Backend,16,7,72313,29,2,3,4,1,3,2,8,No,28,Neutral,Full Remote,2,28,Travel_Rarely,No
2377,33,Female,Bachelor's,Mid SE,QA,16,0,87103,10,1,4,4,2,3,4,2,Yes,21,Demanding,On-site,3,6,Travel_Frequently,No
2378,39,Male,Master's,Senior SE,Mobile,16,4,224480,7,2,1,1,2,4,3,3,No,23,Supportive,On-site,0,17,Non-Travel,No
2379,36,Female,Master's,Mid SE,Frontend,11,3,133771,19,2,4,3,1,4,6,4,No,11,Neutral,On-site,0,5,Non-Travel,No
2380,37,Female,Bachelor's,Mid SE,QA,12,2,171228,7,4,4,1,3,3,2,0,No,2,Toxic,Full Remote,3,19,Non-Travel,No
2381,48,Male,Bootcamp,Junior SE,ML/AI,11,4,136665,15,4,2,2,3,3,6,6,No,20,Neutral,Full Remote,1,22,Travel_Rarely,No
2382,29,Male,Master's,Mid SE,ML/AI,13,9,55534,7,3,2,4,4,3,5,7,No,24,Neutral,Hybrid,2,24,Travel_Frequently,No
2383,46,Male,Bachelor's,Mid SE,Mobile,9,2,88060,14,1,1,2,3,3,3,5,No,25,Neutral,Hybrid,0,10,Non-Travel,No
2384,38,Female,PhD,Senior SE,Frontend,18,7,62189,22,1,4,3,1,4,6,8,Yes,37,Supportive,Hybrid,0,2,Non-Travel,No
2385,50,Female,Bachelor's,Tech Lead,ML/AI,1,2,173431,5,2,4,1,3,3,6,2,No,22,Supportive,On-site,2,28,Non-Travel,No
2386,29,Female,PhD,Senior SE,Mobile,3,0,131067,20,4,3,2,3,3,5,1,Yes,24,Toxic,On-site,2,17,Travel_Rarely,No
2387,36,Female,Bootcamp,Junior SE,ML/AI,18,8,55967,20,4,4,1,4,3,1,4,Yes,15,Supportive,Hybrid,2,6,Non-Travel,No
2388,48,Male,Master's,Junior SE,ML/AI,6,8,110563,14,1,2,4,3,4,5,8,Yes,12,Supportive,Full Remote,1,5,Travel_Frequently,Yes
2389,28,Male,Master's,Junior SE,QA,14,5,53660,5,3,4,2,4,4,1,0,Yes,46,Neutral,Full Remote,3,7,Non-Travel,No
2390,24,Female,Bachelor's,Junior SE,QA,14,9,163671,8,4,2,3,4,4,2,0,No,31,Demanding,Hybrid,1,32,Travel_Rarely,No
2391,50,Female,Bootcamp,Mid SE,ML/AI,5,0,174909,7,3,3,1,3,3,3,2,Yes,43,Demanding,Full Remote,1,4,Travel_Rarely,No
2392,45,Non-binary,Master's,Junior SE,DevOps,2,7,215895,9,1,1,1,2,4,6,2,Yes,31,Supportive,Hybrid,2,21,Non-Travel,No
2393,24,Male,Master's,Junior SE,QA,5,1,231914,16,1,2,3,1,3,2,4,No,30,Demanding,Hybrid,3,32,Travel_Rarely,No
2394,41,Male,Bootcamp,Junior SE,Frontend,15,8,185688,29,3,1,2,1,3,0,3,No,41,Neutral,On-site,0,18,Travel_Rarely,Yes
2395,36,Female,Bootcamp,Junior SE,Mobile,1,7,120976,16,4,1,2,3,4,5,5,No,20,Neutral,Hybrid,2,33,Travel_Rarely,No
2396,46,Female,PhD,Junior SE,Mobile,6,2,224810,17,1,1,1,1,3,2,7,No,8,Demanding,Hybrid,3,14,Travel_Rarely,No
2397,51,Male,Bachelor's,Junior SE,Frontend,10,4,58107,28,2,1,3,1,3,2,7,No,44,Supportive,On-site,0,6,Non-Travel,No
2398,35,Female,Bootcamp,Mid SE,Frontend,6,8,237476,16,1,2,1,4,3,6,3,No,30,Toxic,Hybrid,1,11,Travel_Frequently,Yes
2399,28,Male,Master's,Mid SE,Frontend,3,0,139182,29,4,3,1,2,3,1,0,Yes,35,Neutral,On-site,3,20,Travel_Rarely,No
2400,38,Female,Bootcamp,Junior SE,Frontend,19,8,136787,20,2,4,4,1,3,5,6,No,21,Neutral,Hybrid,1,29,Travel_Rarely,No
2401,41,Female,Master's,Mid SE,Backend,6,3,60954,17,1,2,2,2,4,1,5,Yes,47,Neutral,On-site,1,16,Travel_Rarely,Yes
2402,57,Female,Bachelor's,Mid SE,Mobile,3,3,61943,9,4,3,2,1,3,3,4,Yes,40,Supportive,Full Remote,3,7,Non-Travel,No
2403,30,Female,Bachelor's,Junior SE,Backend,11,3,85725,28,4,4,4,2,3,2,3,No,28,Neutral,Hybrid,0,31,Non-Travel,No
2404,43,Male,Master's,Junior SE,ML/AI,4,9,90434,8,1,1,2,2,4,5,5,No,39,Supportive,Hybrid,3,6,Travel_Frequently,No
2405,23,Male,Master's,Mid SE,ML/AI,18,8,130751,25,4,4,2,1,4,2,7,No,17,Supportive,On-site,0,29,Travel_Frequently,No
2406,45,Non-binary,Bachelor's,Senior SE,Mobile,4,5,55110,19,3,4,2,4,3,3,5,No,12,Demanding,Full Remote,2,27,Travel_Rarely,No
2407,29,Male,Master's,Junior SE,ML/AI,18,7,61462,16,2,3,3,2,3,4,2,No,18,Demanding,Full Remote,2,2,Non-Travel,No
2408,32,Female,Bachelor's,Junior SE,Frontend,2,3,124232,23,3,4,4,2,3,3,8,No,47,Supportive,Hybrid,2,22,Travel_Rarely,No
2409,34,Male,Master's,Principal SE,Backend,10,2,230153,25,1,1,1,1,3,1,2,Yes,28,Neutral,Full Remote,1,9,Travel_Rarely,No
2410,38,Female,Master's,Mid SE,Frontend,6,0,228871,23,3,2,3,2,3,1,3,No,3,Neutral,Hybrid,2,11,Travel_Frequently,No
2411,29,Female,Bachelor's,Junior SE,ML/AI,16,9,111567,25,1,2,1,2,3,2,4,No,15,Neutral,On-site,1,16,Non-Travel,Yes
2412,42,Non-binary,Bachelor's,Tech Lead,QA,8,6,227296,15,1,3,4,4,3,1,1,Yes,16,Supportive,On-site,0,13,Non-Travel,Yes
2413,39,Male,Bachelor's,Tech Lead,Backend,8,3,172425,25,4,1,4,2,3,5,1,No,22,Demanding,Full Remote,3,18,Non-Travel,No
2414,51,Female,Master's,Mid SE,Frontend,9,7,101063,10,4,1,4,4,3,3,5,No,49,Supportive,Full Remote,3,25,Non-Travel,No
2415,39,Male,Bachelor's,Mid SE,Mobile,12,2,158394,13,1,4,2,2,3,2,1,Yes,31,Toxic,Hybrid,1,33,Travel_Frequently,No
2416,52,Male,Bachelor's,Junior SE,Frontend,14,0,100240,5,2,3,3,2,3,3,0,No,31,Neutral,Hybrid,1,10,Travel_Rarely,No
2417,53,Female,Bootcamp,Junior SE,QA,4,4,126352,16,2,1,4,4,3,3,7,No,1,Demanding,Hybrid,1,30,Travel_Frequently,No
2418,32,Female,PhD,Senior SE,ML/AI,2,1,193940,18,2,1,1,4,3,2,0,Yes,11,Supportive,On-site,0,1,Non-Travel,No
2419,46,Female,Master's,Junior SE,Backend,7,2,125989,10,3,1,2,3,3,6,5,No,6,Demanding,Hybrid,0,33,Travel_Rarely,No
2420,54,Male,Bootcamp,Mid SE,Mobile,19,5,67222,5,1,2,2,2,3,4,0,No,23,Supportive,Full Remote,2,15,Travel_Rarely,No
2421,29,Male,Bachelor's,Staff SE,Backend,9,2,124794,26,4,2,3,4,4,6,7,No,9,Demanding,On-site,2,29,Non-Travel,No
2422,32,Male,Master's,Staff SE,Mobile,12,2,108924,6,3,2,3,2,3,1,4,Yes,16,Neutral,Full Remote,3,2,Travel_Rarely,No
2423,43,Male,Master's,Junior SE,Backend,2,5,144854,28,3,4,3,2,3,0,2,No,38,Neutral,Full Remote,2,11,Travel_Rarely,No
2424,45,Male,Master's,Senior SE,ML/AI,7,4,123513,15,4,4,2,2,3,6,4,No,44,Supportive,On-site,0,34,Travel_Frequently,No
2425,38,Female,Bachelor's,Mid SE,Mobile,8,9,99649,7,1,4,4,1,3,0,0,No,19,Supportive,Hybrid,0,19,Non-Travel,No
2426,33,Male,Master's,Principal SE,DevOps,11,8,147986,14,3,1,1,3,4,0,0,No,45,Demanding,Hybrid,0,2,Travel_Frequently,No
2427,53,Non-binary,Bachelor's,Mid SE,Backend,10,0,128749,10,1,2,4,1,3,1,3,No,13,Neutral,Hybrid,0,20,Travel_Frequently,No
2428,36,Non-binary,Master's,Junior SE,Backend,1,2,186295,10,1,1,1,3,3,4,8,Yes,32,Neutral,Full Remote,3,31,Travel_Rarely,No
2429,37,Female,Bachelor's,Junior SE,Frontend,17,2,224238,24,1,1,4,2,3,3,8,Yes,36,Supportive,Hybrid,3,4,Travel_Rarely,Yes
2430,43,Female,Bachelor's,Mid SE,Mobile,8,5,84369,25,4,3,3,2,4,2,0,No,9,Supportive,Hybrid,0,29,Non-Travel,No
2431,49,Female,Bachelor's,Mid SE,QA,1,7,131379,6,1,1,1,4,4,4,2,No,46,Demanding,Full Remote,1,30,Travel_Rarely,No
2432,41,Male,Bachelor's,Tech Lead,DevOps,1,2,114392,28,3,4,2,3,3,0,3,No,46,Demanding,Hybrid,2,13,Travel_Rarely,No
2433,54,Male,Master's,Senior SE,ML/AI,2,2,235598,14,4,2,1,3,3,5,1,No,49,Supportive,On-site,3,15,Travel_Rarely,No
2434,31,Male,Bachelor's,Mid SE,Frontend,15,5,57661,27,4,2,2,1,4,1,6,No,37,Neutral,Hybrid,1,20,Non-Travel,No
2435,53,Male,PhD,Mid SE,DevOps,18,7,191663,10,3,1,4,3,4,6,2,Yes,31,Demanding,On-site,2,34,Travel_Frequently,No
2436,54,Female,Bachelor's,Junior SE,Mobile,3,5,116718,27,4,4,3,2,3,1,0,No,31,Demanding,On-site,1,28,Travel_Rarely,No
2437,23,Male,Bachelor's,Principal SE,DevOps,17,9,231307,21,3,4,1,4,3,6,0,Yes,19,Supportive,On-site,0,20,Travel_Frequently,Yes
2438,54,Female,Master's,Principal SE,Backend,19,2,52970,18,2,4,2,1,3,2,2,Yes,2,Demanding,Hybrid,2,25,Travel_Rarely,No
2439,54,Female,Bachelor's,Staff SE,Backend,17,3,92922,9,3,2,4,4,3,5,5,No,45,Neutral,Hybrid,1,27,Travel_Rarely,No
2440,34,Male,Master's,Tech Lead,Frontend,9,0,75755,27,4,4,3,3,3,3,3,No,32,Demanding,Hybrid,3,30,Travel_Rarely,No
2441,51,Non-binary,Master's,Junior SE,Mobile,10,7,165926,21,3,4,3,3,3,4,0,Yes,43,Neutral,On-site,3,20,Travel_Rarely,No
2442,54,Male,Bachelor's,Junior SE,Mobile,16,3,64416,6,2,1,3,1,4,5,6,No,34,Neutral,Full Remote,3,1,Non-Travel,No
2443,34,Male,Bachelor's,Senior SE,DevOps,19,5,58672,13,1,3,4,3,3,4,1,Yes,1,Neutral,On-site,2,24,Non-Travel,No
2444,47,Female,Bachelor's,Principal SE,Frontend,15,2,173145,16,1,4,4,4,4,4,4,No,21,Neutral,Hybrid,0,25,Travel_Rarely,No
2445,43,Male,Bachelor's,Junior SE,Mobile,19,5,223068,23,1,1,4,2,3,3,7,Yes,3,Neutral,Full Remote,0,12,Travel_Frequently,No
2446,23,Female,Bachelor's,Junior SE,QA,12,8,119095,26,4,1,3,1,4,3,6,No,27,Demanding,Hybrid,2,11,Travel_Rarely,No
2447,47,Male,Bachelor's,Tech Lead,QA,1,8,45064,11,2,4,1,3,3,6,7,No,44,Neutral,Full Remote,2,30,Non-Travel,No
2448,36,Male,Bachelor's,Junior SE,Backend,1,9,113835,13,3,3,2,4,3,3,5,No,7,Supportive,Full Remote,0,13,Non-Travel,No
2449,55,Non-binary,Master's,Mid SE,DevOps,13,2,246457,25,3,2,4,2,3,2,6,Yes,33,Supportive,On-site,3,25,Travel_Rarely,No
2450,32,Male,Master's,Senior SE,ML/AI,3,2,181711,20,3,3,1,3,3,1,8,Yes,9,Demanding,Hybrid,0,25,Travel_Rarely,Yes
2451,24,Male,Master's,Junior SE,Backend,16,3,187127,24,3,4,2,1,4,0,5,No,30,Demanding,Hybrid,0,17,Travel_Frequently,No
2452,27,Male,Bachelor's,Junior SE,Frontend,12,6,235292,15,4,3,3,3,3,3,8,No,18,Demanding,Hybrid,1,12,Travel_Rarely,No
2453,30,Female,Bachelor's,Tech Lead,Mobile,3,2,132594,16,4,1,1,3,3,1,1,Yes,26,Supportive,Hybrid,3,11,Non-Travel,No
2454,27,Male,PhD,Senior SE,Backend,2,9,205499,19,2,1,3,3,3,6,1,No,20,Neutral,Full Remote,2,10,Travel_Rarely,No
2455,30,Male,Master's,Staff SE,ML/AI,11,7,161916,22,3,3,2,2,4,3,1,No,38,Supportive,On-site,0,17,Travel_Rarely,No
2456,52,Male,PhD,Mid SE,ML/AI,7,7,165308,23,1,2,4,2,3,0,5,No,41,Toxic,On-site,3,16,Travel_Rarely,No
2457,53,Male,Bachelor's,Junior SE,QA,1,5,127516,20,4,3,3,3,3,5,1,Yes,31,Supportive,On-site,2,20,Non-Travel,No
2458,33,Female,Master's,Senior SE,Frontend,5,3,109666,19,2,4,1,3,3,3,2,No,8,Neutral,Full Remote,1,5,Non-Travel,No
2459,29,Female,Master's,Mid SE,Backend,9,4,240346,9,2,2,4,1,3,1,7,No,23,Demanding,Hybrid,1,32,Travel_Rarely,No
2460,29,Male,Bachelor's,Junior SE,DevOps,11,1,163294,15,4,3,1,3,4,6,7,Yes,25,Demanding,On-site,3,27,Non-Travel,Yes
2461,49,Female,Master's,Tech Lead,Backend,9,5,55866,19,1,3,2,4,3,6,3,No,47,Supportive,Full Remote,0,4,Non-Travel,No
2462,41,Male,Master's,Junior SE,QA,9,2,48889,22,1,2,2,4,3,2,8,No,1,Supportive,Full Remote,2,7,Non-Travel,No
2463,28,Non-binary,Bachelor's,Mid SE,ML/AI,2,5,163194,17,3,3,4,1,3,6,7,No,46,Neutral,On-site,3,14,Travel_Frequently,No
2464,32,Non-binary,Bachelor's,Junior SE,Frontend,19,4,169714,8,4,4,1,2,3,5,0,No,18,Neutral,On-site,1,24,Non-Travel,No
2465,41,Male,Master's,Mid SE,Frontend,9,1,224298,21,1,1,1,3,3,6,7,Yes,19,Supportive,Hybrid,2,18,Travel_Rarely,No
2466,37,Female,Bootcamp,Mid SE,DevOps,8,4,76335,8,4,4,1,1,3,6,0,No,42,Demanding,Full Remote,2,1,Travel_Rarely,No
2467,25,Female,Bachelor's,Mid SE,Frontend,19,4,95547,20,2,3,1,2,3,5,3,Yes,6,Neutral,Hybrid,0,17,Travel_Rarely,No
2468,27,Male,Bachelor's,Senior SE,QA,18,8,202234,27,2,1,2,1,3,5,5,Yes,17,Demanding,Hybrid,1,26,Travel_Rarely,Yes
2469,43,Male,Bachelor's,Principal SE,QA,13,7,200759,19,2,2,1,2,3,0,6,No,46,Supportive,Hybrid,1,22,Travel_Rarely,No
2470,47,Male,Master's,Junior SE,QA,1,6,143756,18,4,4,2,3,3,1,3,No,45,Supportive,Hybrid,1,18,Travel_Rarely,No
2471,24,Female,Bachelor's,Junior SE,Frontend,4,2,55995,16,3,2,1,1,3,4,7,No,8,Demanding,Hybrid,2,28,Non-Travel,No
2472,35,Non-binary,Bootcamp,Junior SE,Frontend,19,9,232560,7,3,1,1,3,4,6,7,Yes,42,Demanding,On-site,1,21,Travel_Rarely,No
2473,32,Female,Bachelor's,Junior SE,QA,7,3,47631,14,1,3,3,1,4,4,8,No,9,Demanding,On-site,3,33,Travel_Frequently,No
2474,39,Female,Bachelor's,Senior SE,Frontend,6,5,211026,12,4,1,3,2,3,4,5,Yes,37,Demanding,Hybrid,1,30,Travel_Frequently,Yes
2475,33,Female,Master's,Senior SE,Frontend,5,2,182039,10,3,1,1,1,3,2,3,Yes,27,Supportive,Full Remote,2,8,Travel_Rarely,Yes
2476,44,Female,Master's,Tech Lead,ML/AI,10,8,133294,26,4,2,2,4,3,3,1,No,36,Supportive,Hybrid,1,30,Travel_Frequently,No
2477,33,Female,Master's,Junior SE,Backend,11,7,132278,18,3,4,1,4,4,6,6,No,6,Supportive,Full Remote,1,9,Travel_Frequently,No
2478,34,Male,Bachelor's,Mid SE,Mobile,17,5,109471,21,2,1,3,1,4,3,2,Yes,6,Toxic,Hybrid,2,33,Travel_Rarely,Yes
2479,46,Male,Bootcamp,Mid SE,Frontend,18,3,82116,25,2,3,1,4,3,3,2,Yes,45,Neutral,On-site,1,29,Travel_Rarely,Yes
2480,40,Female,Bachelor's,Junior SE,Mobile,9,6,137116,23,1,1,3,3,3,2,2,Yes,4,Supportive,Hybrid,0,31,Travel_Rarely,No
2481,57,Male,PhD,Senior SE,Mobile,13,2,210299,20,2,2,1,4,3,4,3,No,22,Supportive,Full Remote,2,3,Travel_Frequently,No
2482,29,Female,Bachelor's,Staff SE,ML/AI,2,9,178014,19,3,4,4,4,3,5,1,No,40,Demanding,Hybrid,1,11,Travel_Rarely,No
2483,50,Male,Master's,Mid SE,Frontend,17,7,92664,19,1,3,1,3,4,3,4,Yes,27,Demanding,Full Remote,0,5,Travel_Frequently,No
2484,53,Male,Master's,Tech Lead,QA,14,0,204141,5,1,2,2,3,3,5,2,No,37,Toxic,Full Remote,3,31,Non-Travel,No
2485,39,Female,Bachelor's,Mid SE,Mobile,5,2,132342,28,2,1,3,2,4,5,4,Yes,2,Neutral,Hybrid,2,20,Non-Travel,Yes
2486,27,Male,PhD,Junior SE,Frontend,9,4,59407,27,4,1,4,3,3,2,6,Yes,9,Neutral,Hybrid,1,4,Non-Travel,No
2487,39,Male,Bachelor's,Senior SE,DevOps,11,4,158926,27,2,4,3,1,3,2,8,No,11,Supportive,Full Remote,2,8,Non-Travel,No
2488,40,Male,Bachelor's,Mid SE,QA,6,9,104201,16,2,2,3,4,3,1,1,No,20,Supportive,Full Remote,0,13,Travel_Frequently,No
2489,43,Female,Master's,Junior SE,DevOps,16,1,125093,14,1,2,2,2,3,6,8,Yes,43,Supportive,Hybrid,2,5,Non-Travel,No
2490,53,Male,Bachelor's,Senior SE,DevOps,0,9,230420,18,2,4,1,3,4,3,5,Yes,39,Supportive,Hybrid,3,19,Travel_Rarely,No
2491,24,Female,Master's,Tech Lead,Mobile,17,7,62878,14,3,3,2,4,3,4,5,Yes,14,Neutral,On-site,1,18,Non-Travel,No
2492,49,Male,Bachelor's,Mid SE,DevOps,14,4,128100,14,1,2,1,1,3,0,2,No,26,Toxic,Full Remote,3,33,Non-Travel,No
2493,31,Non-binary,Bachelor's,Mid SE,ML/AI,18,6,123629,24,2,4,4,1,3,2,8,Yes,38,Supportive,On-site,0,4,Non-Travel,No
2494,56,Non-binary,Bachelor's,Principal SE,ML/AI,0,6,231492,15,4,2,2,2,3,5,3,No,30,Toxic,Hybrid,2,18,Travel_Frequently,No
2495,50,Male,Bachelor's,Tech Lead,Mobile,4,4,88168,26,3,4,2,1,3,1,4,No,36,Supportive,Hybrid,1,24,Travel_Rarely,No
2496,36,Male,Master's,Senior SE,Frontend,14,7,99862,20,4,1,3,4,4,0,2,Yes,38,Neutral,Hybrid,1,29,Travel_Rarely,No
2497,54,Male,Master's,Junior SE,Backend,2,8,73004,13,3,1,2,3,3,2,4,No,35,Neutral,Hybrid,0,31,Travel_Frequently,No
2498,28,Female,PhD,Principal SE,Frontend,0,3,65471,19,4,2,1,1,3,1,7,Yes,6,Neutral,Hybrid,0,28,Travel_Frequently,No
2499,33,Male,PhD,Junior SE,Frontend,7,3,136820,18,2,2,2,3,4,5,7,No,3,Supportive,Full Remote,2,9,Travel_Rarely,No
2500,51,Male,Bachelor's,Senior SE,Frontend,11,7,236239,23,3,1,2,4,3,3,7,No,1,Demanding,On-site,1,26,Non-Travel,No
